test_acceptance_harness_self_tests (hive_cortex.test_acceptance_harness.AcceptanceHarnessTests.test_acceptance_harness_self_tests) ... ok
test_cross_language_fixture_tests (hive_cortex.test_acceptance_harness.AcceptanceHarnessTests.test_cross_language_fixture_tests) ... ok
test_humanless_gate_distinguishes_real_authority (hive_cortex.test_acceptance_harness.AcceptanceHarnessTests.test_humanless_gate_distinguishes_real_authority) ... ok
test_negative_control_tests (hive_cortex.test_acceptance_harness.AcceptanceHarnessTests.test_negative_control_tests) ... ok
test_authority_claim_without_evidence_blocks_instead_of_escalating (hive_cortex.test_humanless_operation.GenuineAuthorityClassificationSuiteTests.test_authority_claim_without_evidence_blocks_instead_of_escalating) ... ok
test_every_genuine_authority_class_escalates (hive_cortex.test_humanless_operation.GenuineAuthorityClassificationSuiteTests.test_every_genuine_authority_class_escalates) ... ok
test_harness_accepts_only_genuine_authority_packets (hive_cortex.test_humanless_operation.GenuineAuthorityClassificationSuiteTests.test_harness_accepts_only_genuine_authority_packets) ... ok
test_result_contract_rejects_convenience_escalation (hive_cortex.test_humanless_operation.GenuineAuthorityClassificationSuiteTests.test_result_contract_rejects_convenience_escalation) ... ok
test_unknown_authority_class_is_rejected_at_construction (hive_cortex.test_humanless_operation.GenuineAuthorityClassificationSuiteTests.test_unknown_authority_class_is_rejected_at_construction) ... ok
test_ambiguity_resolved_by_role_consultation (hive_cortex.test_humanless_operation.HumanlessOperationSuiteTests.test_ambiguity_resolved_by_role_consultation) ... ok
test_ci_failure_creates_bounded_retry_repair (hive_cortex.test_humanless_operation.HumanlessOperationSuiteTests.test_ci_failure_creates_bounded_retry_repair) ... ok
test_design_tradeoff_replans_with_recorded_dissent (hive_cortex.test_humanless_operation.HumanlessOperationSuiteTests.test_design_tradeoff_replans_with_recorded_dissent) ... ok
test_end_to_end_run_passes_acceptance_harness (hive_cortex.test_humanless_operation.HumanlessOperationSuiteTests.test_end_to_end_run_passes_acceptance_harness) ... ok
test_missing_tests_become_repair_work (hive_cortex.test_humanless_operation.HumanlessOperationSuiteTests.test_missing_tests_become_repair_work) ... ok
test_recoverable_interruption_resumes_without_restating_context (hive_cortex.test_humanless_operation.HumanlessOperationSuiteTests.test_recoverable_interruption_resumes_without_restating_context) ... ok
test_worker_retries_recoverable_execution_failure (hive_cortex.test_humanless_operation.HumanlessOperationSuiteTests.test_worker_retries_recoverable_execution_failure) ... ok
test_defect_consultation_cannot_manufacture_authority (hive_cortex.test_humanless_operation.SoftwareDefectNotHumanSuiteTests.test_defect_consultation_cannot_manufacture_authority) ... ok
test_defect_within_budget_retries_not_escalates (hive_cortex.test_humanless_operation.SoftwareDefectNotHumanSuiteTests.test_defect_within_budget_retries_not_escalates) ... ok
test_exhausted_defect_quarantines_in_system (hive_cortex.test_humanless_operation.SoftwareDefectNotHumanSuiteTests.test_exhausted_defect_quarantines_in_system) ... ok
test_no_progress_quarantines_within_bound (hive_cortex.test_humanless_operation.SoftwareDefectNotHumanSuiteTests.test_no_progress_quarantines_within_bound) ... ok
test_repair_vocabulary_has_no_human_channel (hive_cortex.test_humanless_operation.SoftwareDefectNotHumanSuiteTests.test_repair_vocabulary_has_no_human_channel) ... ok
test_retained_evidence_packet_matches_recomputation (hive_cortex.test_humanless_operation.SoftwareDefectNotHumanSuiteTests.test_retained_evidence_packet_matches_recomputation) ... ok
test_counterexamples_and_dissent_are_retained_and_reduce_confidence (hive_cortex.test_learning_poisoning.LearningRuntimePoisoningSuite.test_counterexamples_and_dissent_are_retained_and_reduce_confidence) ... ok
test_lesson_identity_and_expiry_cannot_be_forged (hive_cortex.test_learning_poisoning.LearningRuntimePoisoningSuite.test_lesson_identity_and_expiry_cannot_be_forged) ... ok
test_lesson_provenance_cannot_be_self_certified_or_unsourced (hive_cortex.test_learning_poisoning.LearningRuntimePoisoningSuite.test_lesson_provenance_cannot_be_self_certified_or_unsourced) ... ok
test_unproven_future_dated_or_secret_signals_cannot_yield_a_lesson (hive_cortex.test_learning_poisoning.LearningRuntimePoisoningSuite.test_unproven_future_dated_or_secret_signals_cannot_yield_a_lesson) ... ok
test_contradiction_preserves_history_and_terminates_both_sides (hive_cortex.test_learning_poisoning.MemoryPoisoningSuite.test_contradiction_preserves_history_and_terminates_both_sides) ... ok
test_evidence_without_provenance_is_rejected (hive_cortex.test_learning_poisoning.MemoryPoisoningSuite.test_evidence_without_provenance_is_rejected) ... ok
test_quarantine_retains_evidence_and_blocks_retrieval (hive_cortex.test_learning_poisoning.MemoryPoisoningSuite.test_quarantine_retains_evidence_and_blocks_retrieval) ... ok
test_registered_records_cannot_be_rewritten (hive_cortex.test_learning_poisoning.MemoryPoisoningSuite.test_registered_records_cannot_be_rewritten) ... ok
test_secret_and_transcript_bodies_are_rejected (hive_cortex.test_learning_poisoning.MemoryPoisoningSuite.test_secret_and_transcript_bodies_are_rejected) ... ok
test_single_record_contradiction_is_rejected (hive_cortex.test_learning_poisoning.MemoryPoisoningSuite.test_single_record_contradiction_is_rejected) ... ok
test_snapshot_tamper_fails_closed (hive_cortex.test_learning_poisoning.MemoryPoisoningSuite.test_snapshot_tamper_fails_closed) ... ok
test_tampered_artifact_fails_closed_on_read (hive_cortex.test_learning_poisoning.MemoryPoisoningSuite.test_tampered_artifact_fails_closed_on_read) ... ok
test_unresolved_conflict_reduces_rank_confidence (hive_cortex.test_learning_poisoning.MemoryPoisoningSuite.test_unresolved_conflict_reduces_rank_confidence) ... ok
test_dependent_contexts_are_rejected (hive_cortex.test_learning_poisoning.OvergeneralizationSuite.test_dependent_contexts_are_rejected) ... ok
test_too_few_episodes_is_rejected (hive_cortex.test_learning_poisoning.OvergeneralizationSuite.test_too_few_episodes_is_rejected) ... ok
test_unevidenced_or_inactive_support_is_rejected (hive_cortex.test_learning_poisoning.OvergeneralizationSuite.test_unevidenced_or_inactive_support_is_rejected) ... ok
test_unproven_lesson_is_rejected (hive_cortex.test_learning_poisoning.OvergeneralizationSuite.test_unproven_lesson_is_rejected) ... ok
test_valid_consolidation_retires_episodes_and_lesson_expires (hive_cortex.test_learning_poisoning.OvergeneralizationSuite.test_valid_consolidation_retires_episodes_and_lesson_expires) ... ok
test_expired_and_embargoed_records_are_not_retrievable (hive_cortex.test_learning_poisoning.StaleEvidenceSuite.test_expired_and_embargoed_records_are_not_retrievable) ... ok
test_expiry_is_deterministic_and_terminal (hive_cortex.test_learning_poisoning.StaleEvidenceSuite.test_expiry_is_deterministic_and_terminal) ... ok
test_scope_prevents_cross_mission_reuse (hive_cortex.test_learning_poisoning.StaleEvidenceSuite.test_scope_prevents_cross_mission_reuse) ... ok
test_stale_evidence_ranks_below_fresh_evidence (hive_cortex.test_learning_poisoning.StaleEvidenceSuite.test_stale_evidence_ranks_below_fresh_evidence) ... ok
test_child_envelope_cannot_broaden_parent (hive_cortex.test_no_cheating.AuthorityExpansionSuiteTests.test_child_envelope_cannot_broaden_parent) ... ok
test_orphan_child_cannot_self_register (hive_cortex.test_no_cheating.AuthorityExpansionSuiteTests.test_orphan_child_cannot_self_register) ... ok
test_registry_denies_scope_expansion_expiry_and_revocation (hive_cortex.test_no_cheating.AuthorityExpansionSuiteTests.test_registry_denies_scope_expansion_expiry_and_revocation) ... ok
test_evaluator_mode_excludes_generator_material (hive_cortex.test_no_cheating.EvaluatorLeakageSuiteTests.test_evaluator_mode_excludes_generator_material) ... ok
test_future_dated_memory_is_invisible_to_every_context (hive_cortex.test_no_cheating.EvaluatorLeakageSuiteTests.test_future_dated_memory_is_invisible_to_every_context) ... ok
test_generator_manifest_never_claims_separation (hive_cortex.test_no_cheating.EvaluatorLeakageSuiteTests.test_generator_manifest_never_claims_separation) ... ok
test_echo_chamber_testimony_is_rejected (hive_cortex.test_no_cheating.FriendlyConsultationSuiteTests.test_echo_chamber_testimony_is_rejected) ... ok
test_friendly_court_is_structurally_impossible (hive_cortex.test_no_cheating.FriendlyConsultationSuiteTests.test_friendly_court_is_structurally_impossible) ... ok
test_harness_flags_friendly_consultation (hive_cortex.test_no_cheating.FriendlyConsultationSuiteTests.test_harness_flags_friendly_consultation) ... ok
test_requester_cannot_pack_its_own_council (hive_cortex.test_no_cheating.FriendlyConsultationSuiteTests.test_requester_cannot_pack_its_own_council) ... ok
test_role_labels_are_never_independent_humans (hive_cortex.test_no_cheating.FriendlyConsultationSuiteTests.test_role_labels_are_never_independent_humans) ... ok
test_confirmed_cheating_quarantines_and_disproved_cites_retained_evidence (hive_cortex.test_no_cheating.NoCheatingSuiteTests.test_confirmed_cheating_quarantines_and_disproved_cites_retained_evidence) ... ok
test_fake_receipts_fail_closed_in_report_builder (hive_cortex.test_no_cheating.NoCheatingSuiteTests.test_fake_receipts_fail_closed_in_report_builder) ... ok
test_fake_receipts_tampered_report_or_transcript_is_rejected (hive_cortex.test_no_cheating.NoCheatingSuiteTests.test_fake_receipts_tampered_report_or_transcript_is_rejected) ... ok
test_future_access_observed_commits_must_be_sealed (hive_cortex.test_no_cheating.NoCheatingSuiteTests.test_future_access_observed_commits_must_be_sealed) ... ok
test_stale_evidence_appeal_without_new_evidence_is_rejected (hive_cortex.test_no_cheating.NoCheatingSuiteTests.test_stale_evidence_appeal_without_new_evidence_is_rejected) ... ok
test_stale_evidence_rewritten_artifact_is_denied (hive_cortex.test_no_cheating.NoCheatingSuiteTests.test_stale_evidence_rewritten_artifact_is_denied) ... ok
test_suspected_cheating_triggers_role_council_before_continuation (hive_cortex.test_no_cheating.NoCheatingSuiteTests.test_suspected_cheating_triggers_role_council_before_continuation) ... ok
test_test_weakening_cannot_convert_failure_into_adoption (hive_cortex.test_no_cheating.NoCheatingSuiteTests.test_test_weakening_cannot_convert_failure_into_adoption) ... ok
test_test_weakening_tampered_seal_fails_closed (hive_cortex.test_no_cheating.NoCheatingSuiteTests.test_test_weakening_tampered_seal_fails_closed) ... ok
test_cli_loader_rejects_non_object_documents (test_acceptance.AcceptanceSpecificationTests.test_cli_loader_rejects_non_object_documents) ... ok
test_curator_requires_an_exact_specification_bound_check (test_acceptance.AcceptanceSpecificationTests.test_curator_requires_an_exact_specification_bound_check) ... ok
test_normalization_is_canonical_by_identifier (test_acceptance.AcceptanceSpecificationTests.test_normalization_is_canonical_by_identifier) ... ok
test_receipt_must_bind_the_specification_and_requested_argv (test_acceptance.AcceptanceSpecificationTests.test_receipt_must_bind_the_specification_and_requested_argv) ... ok
test_schema_limits_are_enforced_at_construction (test_acceptance.AcceptanceSpecificationTests.test_schema_limits_are_enforced_at_construction) ... ok
test_untyped_criterion_cannot_start_a_delivery (test_acceptance.AcceptanceSpecificationTests.test_untyped_criterion_cannot_start_a_delivery) ... ok
test_missing_or_conflicting_authority_is_denied (test_adapter_registry.AdapterRegistryTests.test_missing_or_conflicting_authority_is_denied) ... ok
test_registration_is_idempotent_but_substitution_is_rejected (test_adapter_registry.AdapterRegistryTests.test_registration_is_idempotent_but_substitution_is_rejected) ... ok
test_selection_is_deterministic_and_lowest_sufficient (test_adapter_registry.AdapterRegistryTests.test_selection_is_deterministic_and_lowest_sufficient) ... ok
test_unvalidated_third_party_adapter_remains_inert (test_adapter_registry.AdapterRegistryTests.test_unvalidated_third_party_adapter_remains_inert) ... ok
test_bounded_supervision_grades_local_human_commits_without_remote_feedback (test_autonomous_os.AutonomousBrainTests.test_bounded_supervision_grades_local_human_commits_without_remote_feedback) ... C:\Users\beesp\.codex\worktrees\b7eb\hive-mind-os\tests\test_autonomous_os.py:390: DeprecationWarning: hive_mind_os.autonomous_os.AutonomousBrain is a retired legacy runtime surface (LEGACY-620); the canonical owner is hive_mind_os.brain_kernel.mission_runtime; rollback tag legacy-620-rollback
  with AutonomousBrain(self.state) as brain:
ok
test_cli_kickoff_is_a_prompt_entrypoint_and_rejects_secret_like_prompts (test_autonomous_os.AutonomousBrainTests.test_cli_kickoff_is_a_prompt_entrypoint_and_rejects_secret_like_prompts) ... C:\Users\beesp\.codex\worktrees\b7eb\hive-mind-os\src\hive_mind_os\cli.py:1393: DeprecationWarning: hive_mind_os.autonomous_os.AutonomousBrain is a retired legacy runtime surface (LEGACY-620); the canonical owner is hive_mind_os.brain_kernel.mission_runtime; rollback tag legacy-620-rollback
  with AutonomousBrain(args.state_dir) as brain:
C:\Users\beesp\.codex\worktrees\b7eb\hive-mind-os\tests\test_autonomous_os.py:564: DeprecationWarning: hive_mind_os.autonomous_os.AutonomousBrain is a retired legacy runtime surface (LEGACY-620); the canonical owner is hive_mind_os.brain_kernel.mission_runtime; rollback tag legacy-620-rollback
  with AutonomousBrain(self.state) as brain:
ok
test_clone_remote_removal_fails_closed_for_missing_or_extra_remotes (test_autonomous_os.AutonomousBrainTests.test_clone_remote_removal_fails_closed_for_missing_or_extra_remotes) ... C:\Users\beesp\.codex\worktrees\b7eb\hive-mind-os\tests\test_autonomous_os.py:508: DeprecationWarning: hive_mind_os.autonomous_os.AutonomousBrain is a retired legacy runtime surface (LEGACY-620); the canonical owner is hive_mind_os.brain_kernel.mission_runtime; rollback tag legacy-620-rollback
  with AutonomousBrain(self.state) as brain:
C:\Users\beesp\.codex\worktrees\b7eb\hive-mind-os\tests\test_autonomous_os.py:516: DeprecationWarning: hive_mind_os.autonomous_os.AutonomousBrain is a retired legacy runtime surface (LEGACY-620); the canonical owner is hive_mind_os.brain_kernel.mission_runtime; rollback tag legacy-620-rollback
  with AutonomousBrain(self.root / "extra-state") as brain:
ok
test_draft_delivery_is_refused_before_branch_push_or_pr_creation (test_autonomous_os.AutonomousBrainTests.test_draft_delivery_is_refused_before_branch_push_or_pr_creation) ... C:\Users\beesp\.codex\worktrees\b7eb\hive-mind-os\tests\test_autonomous_os.py:243: DeprecationWarning: hive_mind_os.autonomous_os.AutonomousBrain is a retired legacy runtime surface (LEGACY-620); the canonical owner is hive_mind_os.brain_kernel.mission_runtime; rollback tag legacy-620-rollback
  with AutonomousBrain(self.state) as brain:
ok
test_every_later_human_commit_gets_a_sealed_point_in_time_grade (test_autonomous_os.AutonomousBrainTests.test_every_later_human_commit_gets_a_sealed_point_in_time_grade) ... C:\Users\beesp\.codex\worktrees\b7eb\hive-mind-os\tests\test_autonomous_os.py:279: DeprecationWarning: hive_mind_os.autonomous_os.AutonomousBrain is a retired legacy runtime surface (LEGACY-620); the canonical owner is hive_mind_os.brain_kernel.mission_runtime; rollback tag legacy-620-rollback
  with AutonomousBrain(self.state) as brain:
ok
test_failed_pit_prediction_rolls_back_and_a_retry_gets_one_grade (test_autonomous_os.AutonomousBrainTests.test_failed_pit_prediction_rolls_back_and_a_retry_gets_one_grade) ... C:\Users\beesp\.codex\worktrees\b7eb\hive-mind-os\tests\test_autonomous_os.py:308: DeprecationWarning: hive_mind_os.autonomous_os.AutonomousBrain is a retired legacy runtime surface (LEGACY-620); the canonical owner is hive_mind_os.brain_kernel.mission_runtime; rollback tag legacy-620-rollback
  with AutonomousBrain(self.state) as brain:
ok
test_host_environment_rejects_a_protected_merge_before_it_updates_the_ref (test_autonomous_os.AutonomousBrainTests.test_host_environment_rejects_a_protected_merge_before_it_updates_the_ref) ... C:\Users\beesp\.codex\worktrees\b7eb\hive-mind-os\tests\test_autonomous_os.py:486: DeprecationWarning: hive_mind_os.autonomous_os.AutonomousBrain is a retired legacy runtime surface (LEGACY-620); the canonical owner is hive_mind_os.brain_kernel.mission_runtime; rollback tag legacy-620-rollback
  with AutonomousBrain(self.state) as brain:
ok
test_host_environment_scrubs_inherited_git_github_and_ssh_configuration (test_autonomous_os.AutonomousBrainTests.test_host_environment_scrubs_inherited_git_github_and_ssh_configuration) ... C:\Users\beesp\.codex\worktrees\b7eb\hive-mind-os\tests\test_autonomous_os.py:459: DeprecationWarning: hive_mind_os.autonomous_os.AutonomousBrain is a retired legacy runtime surface (LEGACY-620); the canonical owner is hive_mind_os.brain_kernel.mission_runtime; rollback tag legacy-620-rollback
  with AutonomousBrain(self.state) as brain, patch.dict(
ok
test_incomplete_pit_workspace_is_quarantined_and_the_same_episode_completes (test_autonomous_os.AutonomousBrainTests.test_incomplete_pit_workspace_is_quarantined_and_the_same_episode_completes) ... C:\Users\beesp\.codex\worktrees\b7eb\hive-mind-os\tests\test_autonomous_os.py:372: DeprecationWarning: hive_mind_os.autonomous_os.AutonomousBrain is a retired legacy runtime surface (LEGACY-620); the canonical owner is hive_mind_os.brain_kernel.mission_runtime; rollback tag legacy-620-rollback
  with AutonomousBrain(self.state) as brain:
ok
test_interrupted_pit_episode_recovers_without_duplicate_oracle_events (test_autonomous_os.AutonomousBrainTests.test_interrupted_pit_episode_recovers_without_duplicate_oracle_events) ... C:\Users\beesp\.codex\worktrees\b7eb\hive-mind-os\tests\test_autonomous_os.py:334: DeprecationWarning: hive_mind_os.autonomous_os.AutonomousBrain is a retired legacy runtime surface (LEGACY-620); the canonical owner is hive_mind_os.brain_kernel.mission_runtime; rollback tag legacy-620-rollback
  with AutonomousBrain(self.state) as brain:
ok
test_kickoff_refuses_caller_controlled_remote_delivery_flags (test_autonomous_os.AutonomousBrainTests.test_kickoff_refuses_caller_controlled_remote_delivery_flags) ... C:\Users\beesp\.codex\worktrees\b7eb\hive-mind-os\tests\test_autonomous_os.py:422: DeprecationWarning: hive_mind_os.autonomous_os.AutonomousBrain is a retired legacy runtime surface (LEGACY-620); the canonical owner is hive_mind_os.brain_kernel.mission_runtime; rollback tag legacy-620-rollback
  with AutonomousBrain(self.state) as brain:
ok
test_kickoff_seals_the_complete_carry_forward_requirement_bundle (test_autonomous_os.AutonomousBrainTests.test_kickoff_seals_the_complete_carry_forward_requirement_bundle) ... C:\Users\beesp\.codex\worktrees\b7eb\hive-mind-os\tests\test_autonomous_os.py:165: DeprecationWarning: hive_mind_os.autonomous_os.AutonomousBrain is a retired legacy runtime surface (LEGACY-620); the canonical owner is hive_mind_os.brain_kernel.mission_runtime; rollback tag legacy-620-rollback
  with AutonomousBrain(self.state) as brain:
ok
test_pit_host_workspace_has_no_remote_or_target_object (test_autonomous_os.AutonomousBrainTests.test_pit_host_workspace_has_no_remote_or_target_object) ... C:\Users\beesp\.codex\worktrees\b7eb\hive-mind-os\tests\test_autonomous_os.py:440: DeprecationWarning: hive_mind_os.autonomous_os.AutonomousBrain is a retired legacy runtime surface (LEGACY-620); the canonical owner is hive_mind_os.brain_kernel.mission_runtime; rollback tag legacy-620-rollback
  with AutonomousBrain(self.state) as brain:
ok
test_pr_feedback_is_refused_before_any_gateway_call (test_autonomous_os.AutonomousBrainTests.test_pr_feedback_is_refused_before_any_gateway_call) ... C:\Users\beesp\.codex\worktrees\b7eb\hive-mind-os\tests\test_autonomous_os.py:198: DeprecationWarning: hive_mind_os.autonomous_os.AutonomousBrain is a retired legacy runtime surface (LEGACY-620); the canonical owner is hive_mind_os.brain_kernel.mission_runtime; rollback tag legacy-620-rollback
  with AutonomousBrain(self.state) as brain:
ok
test_prompt_kickoff_uses_an_isolated_nonprotected_branch_for_each_host (test_autonomous_os.AutonomousBrainTests.test_prompt_kickoff_uses_an_isolated_nonprotected_branch_for_each_host) ... C:\Users\beesp\.codex\worktrees\b7eb\hive-mind-os\tests\test_autonomous_os.py:88: DeprecationWarning: hive_mind_os.autonomous_os.AutonomousBrain is a retired legacy runtime surface (LEGACY-620); the canonical owner is hive_mind_os.brain_kernel.mission_runtime; rollback tag legacy-620-rollback
  with AutonomousBrain(self.state) as brain:
ok
test_read_only_host_patch_is_committed_only_to_the_isolated_run_branch (test_autonomous_os.AutonomousBrainTests.test_read_only_host_patch_is_committed_only_to_the_isolated_run_branch) ... C:\Users\beesp\.codex\worktrees\b7eb\hive-mind-os\tests\test_autonomous_os.py:131: DeprecationWarning: hive_mind_os.autonomous_os.AutonomousBrain is a retired legacy runtime surface (LEGACY-620); the canonical owner is hive_mind_os.brain_kernel.mission_runtime; rollback tag legacy-620-rollback
  with AutonomousBrain(self.state) as brain:
ok
test_retired_rest_gateway_refuses_before_any_network_access (test_autonomous_os.AutonomousBrainTests.test_retired_rest_gateway_refuses_before_any_network_access)
Even private transport access is fail-closed while the runtime is retired. ... ok
test_autonomous_loop_stops_at_budget (test_autonomy.AutonomyTests.test_autonomous_loop_stops_at_budget) ... ok
test_challenger_requires_evidence_and_better_fitness (test_autonomy.AutonomyTests.test_challenger_requires_evidence_and_better_fitness) ... ok
test_charter_mutation_is_detected (test_autonomy.AutonomyTests.test_charter_mutation_is_detected) ... ok
test_episode_cannot_exceed_issued_allowance (test_autonomy.AutonomyTests.test_episode_cannot_exceed_issued_allowance) ... ok
test_high_value_unsafe_variant_is_quarantined (test_autonomy.AutonomyTests.test_high_value_unsafe_variant_is_quarantined) ... ok
test_teaching_packet_requires_repeated_support (test_autonomy.AutonomyTests.test_teaching_packet_requires_repeated_support) ... ok
test_check_only_does_not_bootstrap_uninstalled_repository (test_autopilot_workflow.PortableAutopilotWorkflowTests.test_check_only_does_not_bootstrap_uninstalled_repository) ... ok
test_controller_trust_rejects_forgery_and_stale_bundle (test_autopilot_workflow.PortableAutopilotWorkflowTests.test_controller_trust_rejects_forgery_and_stale_bundle) ... ok
test_controller_trust_rejects_repository_owned_evidence (test_autopilot_workflow.PortableAutopilotWorkflowTests.test_controller_trust_rejects_repository_owned_evidence) ... ok
test_controller_trust_rejects_self_review_and_arbitrary_actor (test_autopilot_workflow.PortableAutopilotWorkflowTests.test_controller_trust_rejects_self_review_and_arbitrary_actor) ... ok
test_controller_trust_revalidates_resolvable_digest_bound_evidence (test_autopilot_workflow.PortableAutopilotWorkflowTests.test_controller_trust_revalidates_resolvable_digest_bound_evidence) ... ok
test_different_valid_requests_cannot_reuse_dag_build_identity (test_autopilot_workflow.PortableAutopilotWorkflowTests.test_different_valid_requests_cannot_reuse_dag_build_identity) ... ok
test_explanation_language_does_not_bootstrap (test_autopilot_workflow.PortableAutopilotWorkflowTests.test_explanation_language_does_not_bootstrap) ... ok
test_initialize_and_inspect_uninstalled_repository (test_autopilot_workflow.PortableAutopilotWorkflowTests.test_initialize_and_inspect_uninstalled_repository) ... ok
test_initialize_fails_closed_instead_of_overwriting_request (test_autopilot_workflow.PortableAutopilotWorkflowTests.test_initialize_fails_closed_instead_of_overwriting_request) ... ok
test_inspect_never_executes_target_repository_controller (test_autopilot_workflow.PortableAutopilotWorkflowTests.test_inspect_never_executes_target_repository_controller) ... ok
test_installed_controller_contract_requires_host_sandbox (test_autopilot_workflow.PortableAutopilotWorkflowTests.test_installed_controller_contract_requires_host_sandbox) ... ok
test_persisted_request_cannot_redeclare_target_as_protected (test_autopilot_workflow.PortableAutopilotWorkflowTests.test_persisted_request_cannot_redeclare_target_as_protected) ... ok
test_protected_or_invalid_target_branch_is_rejected (test_autopilot_workflow.PortableAutopilotWorkflowTests.test_protected_or_invalid_target_branch_is_rejected) ... ok
test_remote_credentials_are_not_persisted (test_autopilot_workflow.PortableAutopilotWorkflowTests.test_remote_credentials_are_not_persisted) ... ok
test_repository_state_symlink_escape_is_rejected (test_autopilot_workflow.PortableAutopilotWorkflowTests.test_repository_state_symlink_escape_is_rejected) ... skipped "directory symlinks unavailable: [WinError 1314] A required privilege is not held by the client: 'C:\\\\Users\\\\beesp\\\\AppData\\\\Local\\\\Temp\\\\tmpaj3gb3qn' -> 'C:\\\\Users\\\\beesp\\\\AppData\\\\Local\\\\Temp\\\\tmpmmi4q978\\\\.hive-mind'"
test_review_and_how_question_language_does_not_bootstrap (test_autopilot_workflow.PortableAutopilotWorkflowTests.test_review_and_how_question_language_does_not_bootstrap) ... ok
test_run_cli_accepts_a_single_subject_argument (test_autopilot_workflow.PortableAutopilotWorkflowTests.test_run_cli_accepts_a_single_subject_argument) ... ok
test_run_does_not_recheck_a_controller_that_appears_after_decision (test_autopilot_workflow.PortableAutopilotWorkflowTests.test_run_does_not_recheck_a_controller_that_appears_after_decision) ... ok
test_run_from_subdirectory_uses_initialized_git_root (test_autopilot_workflow.PortableAutopilotWorkflowTests.test_run_from_subdirectory_uses_initialized_git_root) ... ok
test_run_initializes_subject_and_emits_an_execution_contract (test_autopilot_workflow.PortableAutopilotWorkflowTests.test_run_initializes_subject_and_emits_an_execution_contract) ... ok
test_run_is_idempotent_for_the_same_subject_and_rejects_a_new_one (test_autopilot_workflow.PortableAutopilotWorkflowTests.test_run_is_idempotent_for_the_same_subject_and_rejects_a_new_one) ... ok
test_run_rejects_an_empty_subject (test_autopilot_workflow.PortableAutopilotWorkflowTests.test_run_rejects_an_empty_subject) ... ok
test_run_with_installed_controller_requires_a_subject_bound_plan (test_autopilot_workflow.PortableAutopilotWorkflowTests.test_run_with_installed_controller_requires_a_subject_bound_plan) ... ok
test_secret_like_operator_text_is_rejected_before_persistence (test_autopilot_workflow.PortableAutopilotWorkflowTests.test_secret_like_operator_text_is_rejected_before_persistence) ... ok
test_simple_prompt_is_repository_neutral (test_autopilot_workflow.PortableAutopilotWorkflowTests.test_simple_prompt_is_repository_neutral) ... ok
test_ssh_user_info_and_missing_origin_are_safe (test_autopilot_workflow.PortableAutopilotWorkflowTests.test_ssh_user_info_and_missing_origin_are_safe) ... ok
test_archived_benchmark_receipts_are_retained_by_immutable_tag (test_benchmark_harness.BenchmarkHarnessTests.test_archived_benchmark_receipts_are_retained_by_immutable_tag) ... ok
test_bootstrap_interval_is_seeded_and_rate_is_exact (test_benchmark_harness.BenchmarkHarnessTests.test_bootstrap_interval_is_seeded_and_rate_is_exact) ... ok
test_claim_guard_rejects_unbound_comparative_marketing (test_benchmark_harness.BenchmarkHarnessTests.test_claim_guard_rejects_unbound_comparative_marketing) ... ok
test_corpus_is_deterministic (test_benchmark_harness.BenchmarkHarnessTests.test_corpus_is_deterministic) ... ok
test_equal_budget_and_overspend_fails_closed (test_benchmark_harness.BenchmarkHarnessTests.test_equal_budget_and_overspend_fails_closed) ... ok
test_failed_attempts_retain_same_artifacts_as_successes (test_benchmark_harness.BenchmarkHarnessTests.test_failed_attempts_retain_same_artifacts_as_successes) ... ok
test_hidden_checks_are_not_materialized_for_lanes (test_benchmark_harness.BenchmarkHarnessTests.test_hidden_checks_are_not_materialized_for_lanes) ... ok
test_measurement_verdict_binds_digests_and_cannot_claim_superiority (test_benchmark_harness.BenchmarkHarnessTests.test_measurement_verdict_binds_digests_and_cannot_claim_superiority) ... ok
test_two_task_two_repetition_run_completes_offline (test_benchmark_harness.BenchmarkHarnessTests.test_two_task_two_repetition_run_completes_offline) ... ok
test_a_non_write_action_is_refused_outside_the_write_scope (test_brain_kernel_authority.ActionScopeTests.test_a_non_write_action_is_refused_outside_the_write_scope) ... ok
test_a_read_action_is_bound_to_the_read_scope (test_brain_kernel_authority.ActionScopeTests.test_a_read_action_is_bound_to_the_read_scope) ... ok
test_gateway_requires_matching_token_and_deduplicates (test_brain_kernel_authority.AuthorityTests.test_gateway_requires_matching_token_and_deduplicates) ... ok
test_scope_expiry_revocation_and_action_denials_fail_closed (test_brain_kernel_authority.AuthorityTests.test_scope_expiry_revocation_and_action_denials_fail_closed) ... ok
test_registry_refuses_an_envelope_whose_digest_is_not_its_content_digest (test_brain_kernel_authority.EnvelopeSealTests.test_registry_refuses_an_envelope_whose_digest_is_not_its_content_digest) ... ok
test_two_authorities_cannot_share_one_digest (test_brain_kernel_authority.EnvelopeSealTests.test_two_authorities_cannot_share_one_digest) ... ok
test_accepted_external_verification_is_bound_and_live (test_brain_kernel_authority.ExternalRootIntegrationTests.test_accepted_external_verification_is_bound_and_live) ... ok
test_expired_or_revoked_external_root_cannot_be_required (test_brain_kernel_authority.ExternalRootIntegrationTests.test_expired_or_revoked_external_root_cannot_be_required) ... ok
test_external_attestation_mismatch_rejects_before_verifier_call (test_brain_kernel_authority.ExternalRootIntegrationTests.test_external_attestation_mismatch_rejects_before_verifier_call) ... ok
test_local_mint_is_not_external_verifier_evidence (test_brain_kernel_authority.ExternalRootIntegrationTests.test_local_mint_is_not_external_verifier_evidence) ... ok
test_rejected_or_misattributed_verifier_output_fails_closed (test_brain_kernel_authority.ExternalRootIntegrationTests.test_rejected_or_misattributed_verifier_output_fails_closed) ... ok
test_caller_supplied_parent_the_registry_never_admitted_is_refused (test_brain_kernel_authority.ParentResolutionTests.test_caller_supplied_parent_the_registry_never_admitted_is_refused) ... ok
test_registry_resolved_parent_still_refuses_a_broadening_child (test_brain_kernel_authority.ParentResolutionTests.test_registry_resolved_parent_still_refuses_a_broadening_child) ... ok
test_revoked_authority_cannot_be_reminted_under_a_new_digest (test_brain_kernel_authority.RevocationTests.test_revoked_authority_cannot_be_reminted_under_a_new_digest) ... ok
test_revoking_a_parent_refuses_its_already_admitted_descendant (test_brain_kernel_authority.RevocationTests.test_revoking_a_parent_refuses_its_already_admitted_descendant) ... ok
test_bare_root_registration_is_refused_and_the_ceremony_records_provenance (test_brain_kernel_authority.RootMintTests.test_bare_root_registration_is_refused_and_the_ceremony_records_provenance) ... ok
test_ceremony_refuses_an_unattributed_or_undated_mint (test_brain_kernel_authority.RootMintTests.test_ceremony_refuses_an_unattributed_or_undated_mint) ... ok
test_closeout_cli_is_read_only_and_requires_existing_state (test_brain_kernel_closeout.LocalTechnicalCloseoutTests.test_closeout_cli_is_read_only_and_requires_existing_state) ... ok
test_replayed_closeout_requires_roles_integrated_work_and_intact_bundle (test_brain_kernel_closeout.LocalTechnicalCloseoutTests.test_replayed_closeout_requires_roles_integrated_work_and_intact_bundle) ... ok
test_shared_required_identity_blocks_closeout (test_brain_kernel_closeout.LocalTechnicalCloseoutTests.test_shared_required_identity_blocks_closeout) ... ok
test_unintegrated_but_valid_local_work_is_partial (test_brain_kernel_closeout.LocalTechnicalCloseoutTests.test_unintegrated_but_valid_local_work_is_partial) ... ok
test_closeout_import_is_lazy_and_legacy_status_route_is_read_only (test_brain_kernel_compatibility.LocalCompatibilityFirewallTests.test_closeout_import_is_lazy_and_legacy_status_route_is_read_only) ... ok
test_closeout_preserves_historical_receipt_bytes_for_all_local_outcomes (test_brain_kernel_compatibility.LocalCompatibilityFirewallTests.test_closeout_preserves_historical_receipt_bytes_for_all_local_outcomes) ... ok
test_closeout_replays_phase_one_through_eight_fixtures_without_mutation (test_brain_kernel_compatibility.LocalCompatibilityFirewallTests.test_closeout_replays_phase_one_through_eight_fixtures_without_mutation) ... ok
test_authority_can_only_narrow (test_brain_kernel_contracts.KernelContractTests.test_authority_can_only_narrow) ... ok
test_canonical_digest_ignores_field_order_and_rejects_nan (test_brain_kernel_contracts.KernelContractTests.test_canonical_digest_ignores_field_order_and_rejects_nan) ... ok
test_contracts_validate_and_round_trip_canonically (test_brain_kernel_contracts.KernelContractTests.test_contracts_validate_and_round_trip_canonically) ... ok
test_envelope_seal_and_authority_key_are_pure_content_digests (test_brain_kernel_contracts.KernelContractTests.test_envelope_seal_and_authority_key_are_pure_content_digests) ... ok
test_frozen_and_portable (test_brain_kernel_contracts.KernelContractTests.test_frozen_and_portable) ... ok
test_invalid_values_fail_closed (test_brain_kernel_contracts.KernelContractTests.test_invalid_values_fail_closed) ... ok
test_no_child_may_exceed_its_parent_on_any_authority_field (test_brain_kernel_contracts.KernelContractTests.test_no_child_may_exceed_its_parent_on_any_authority_field) ... ok
test_ci_command_inventory_matches_the_constitutional_workflow (test_brain_kernel_doctor.KernelDoctorTests.test_ci_command_inventory_matches_the_constitutional_workflow) ... ok
test_clean_fixture_reports_readiness_without_creating_state (test_brain_kernel_doctor.KernelDoctorTests.test_clean_fixture_reports_readiness_without_creating_state) ... ok
test_cli_writes_redacted_json_report (test_brain_kernel_doctor.KernelDoctorTests.test_cli_writes_redacted_json_report) ... ok
test_dirty_worktree_is_reported_honestly (test_brain_kernel_doctor.KernelDoctorTests.test_dirty_worktree_is_reported_honestly) ... ok
test_kernel_cannot_import_repository_cortex (test_brain_kernel_doctor.KernelDoctorTests.test_kernel_cannot_import_repository_cortex) ... C:\Python314\Lib\ast.py:46: ResourceWarning: unclosed database in <sqlite3.Connection object at 0x000001FAE3890A90>
  return compile(source, filename, mode, flags,
ResourceWarning: Enable tracemalloc to get the object allocation traceback
C:\Python314\Lib\ast.py:46: ResourceWarning: unclosed database in <sqlite3.Connection object at 0x000001FAE5435030>
  return compile(source, filename, mode, flags,
ResourceWarning: Enable tracemalloc to get the object allocation traceback
ok
test_missing_git_and_unsupported_python_are_not_hidden (test_brain_kernel_doctor.KernelDoctorTests.test_missing_git_and_unsupported_python_are_not_hidden) ... ok
test_protected_branch_uncertainty_is_explicit (test_brain_kernel_doctor.KernelDoctorTests.test_protected_branch_uncertainty_is_explicit) ... ok
test_unusable_state_path_and_invalid_provider_are_reported_without_secrets (test_brain_kernel_doctor.KernelDoctorTests.test_unusable_state_path_and_invalid_provider_are_reported_without_secrets) ... ok
test_mismatched_candidate_or_non_measurement_verdict_fails_closed (test_brain_kernel_local_assurance.LocalAssuranceTests.test_mismatched_candidate_or_non_measurement_verdict_fails_closed) ... ok
test_missing_route_or_security_recovery_receipts_fails_closed (test_brain_kernel_local_assurance.LocalAssuranceTests.test_missing_route_or_security_recovery_receipts_fails_closed) ... ok
test_report_is_deterministic_and_cannot_promote (test_brain_kernel_local_assurance.LocalAssuranceTests.test_report_is_deterministic_and_cannot_promote) ... ok
test_rejects_mutated_transcript_and_unsafe_receipt_path (test_brain_kernel_local_assurance_artifact.LocalAssuranceArtifactTests.test_rejects_mutated_transcript_and_unsafe_receipt_path) ... ok
test_verifies_report_and_content_addressed_receipts (test_brain_kernel_local_assurance_artifact.LocalAssuranceArtifactTests.test_verifies_report_and_content_addressed_receipts) ... ok
test_retained_phase12_packet_is_content_addressable (test_brain_kernel_local_assurance_evidence.LocalAssuranceEvidenceTests.test_retained_phase12_packet_is_content_addressable) ... ok
test_builder_uses_an_isolated_gateway_write_and_curator_verifies_after_seal (test_brain_kernel_local_execution.LocalKernelExecutionTests.test_builder_uses_an_isolated_gateway_write_and_curator_verifies_after_seal) ... ok
test_workspace_adapter_refuses_path_escape_before_writing (test_brain_kernel_local_execution.LocalKernelExecutionTests.test_workspace_adapter_refuses_path_escape_before_writing) ... ok
test_the_fixture_builds_an_authority_bound_gateway_over_a_sealed_intent (test_brain_kernel_local_execution.ProductionGatewayBindingTests.test_the_fixture_builds_an_authority_bound_gateway_over_a_sealed_intent) ... ok
test_the_registry_the_fixture_built_refuses_a_forged_token (test_brain_kernel_local_execution.ProductionGatewayBindingTests.test_the_registry_the_fixture_built_refuses_a_forged_token) ... ok
test_kernel_parser_exposes_only_local_memory_and_context_commands (test_brain_kernel_memory_cli.KernelMemoryCliTests.test_kernel_parser_exposes_only_local_memory_and_context_commands) ... ok
test_local_memory_search_inspect_expire_and_context_commands (test_brain_kernel_memory_cli.KernelMemoryCliTests.test_local_memory_search_inspect_expire_and_context_commands) ... ok
test_artifacts_are_immutable_and_reject_secrets_or_raw_transcripts (test_brain_kernel_memory_context.KernelMemoryContextTests.test_artifacts_are_immutable_and_reject_secrets_or_raw_transcripts) ... ok
test_catalog_store_restores_only_immutable_verified_snapshots (test_brain_kernel_memory_context.KernelMemoryContextTests.test_catalog_store_restores_only_immutable_verified_snapshots) ... ok
test_consolidation_requires_independent_evidenced_episodes (test_brain_kernel_memory_context.KernelMemoryContextTests.test_consolidation_requires_independent_evidenced_episodes) ... ok
test_context_is_bounded_valid_and_cold_retrieval_creates_a_new_manifest (test_brain_kernel_memory_context.KernelMemoryContextTests.test_context_is_bounded_valid_and_cold_retrieval_creates_a_new_manifest) ... ok
test_evaluator_mode_excludes_builder_scratchpad_without_dropping_valid_evidence (test_brain_kernel_memory_context.KernelMemoryContextTests.test_evaluator_mode_excludes_builder_scratchpad_without_dropping_valid_evidence) ... ok
test_freshness_score_declines_deterministically_within_validity_window (test_brain_kernel_memory_context.KernelMemoryContextTests.test_freshness_score_declines_deterministically_within_validity_window) ... ok
test_hot_context_never_slices_required_items_to_fit (test_brain_kernel_memory_context.KernelMemoryContextTests.test_hot_context_never_slices_required_items_to_fit) ... ok
test_lifecycle_supersession_conflict_retraction_and_expiry_preserve_records (test_brain_kernel_memory_context.KernelMemoryContextTests.test_lifecycle_supersession_conflict_retraction_and_expiry_preserve_records) ... ok
test_manifest_store_is_append_only_and_restores_canonical_manifests (test_brain_kernel_memory_context.KernelMemoryContextTests.test_manifest_store_is_append_only_and_restores_canonical_manifests) ... ok
test_memory_classes_are_closed_and_working_memory_has_a_bounded_lifetime (test_brain_kernel_memory_context.KernelMemoryContextTests.test_memory_classes_are_closed_and_working_memory_has_a_bounded_lifetime) ... ok
test_ranking_is_deterministic_and_unauthorized_records_are_omitted (test_brain_kernel_memory_context.KernelMemoryContextTests.test_ranking_is_deterministic_and_unauthorized_records_are_omitted) ... ok
test_sensitivity_scope_filters_and_penalizes_nonrequired_memory (test_brain_kernel_memory_context.KernelMemoryContextTests.test_sensitivity_scope_filters_and_penalizes_nonrequired_memory) ... ok
test_snapshot_rebuild_reproduces_the_active_memory_projection (test_brain_kernel_memory_context.KernelMemoryContextTests.test_snapshot_rebuild_reproduces_the_active_memory_projection) ... ok
test_fixture_kinds_are_deterministic_and_identify_leaf_ready_work (test_brain_kernel_planner.KernelPlannerTests.test_fixture_kinds_are_deterministic_and_identify_leaf_ready_work) ... ok
test_graph_rejects_cycles_orphans_missing_acceptance_limits_and_write_races (test_brain_kernel_planner.KernelPlannerTests.test_graph_rejects_cycles_orphans_missing_acceptance_limits_and_write_races) ... ok
test_persisted_plan_survives_restart_and_replanning_supersedes (test_brain_kernel_planner.KernelPlannerTests.test_persisted_plan_survives_restart_and_replanning_supersedes) ... ok
test_plan_and_graph_cli_use_only_local_fixture_state (test_brain_kernel_planner.KernelPlannerTests.test_plan_and_graph_cli_use_only_local_fixture_state) ... ok
test_all_eight_roles_are_executable_and_evidence_bound (test_brain_kernel_roles.KernelRoleHandlerTests.test_all_eight_roles_are_executable_and_evidence_bound) ... ok
test_curator_requires_a_fresh_evaluator_context (test_brain_kernel_roles.KernelRoleHandlerTests.test_curator_requires_a_fresh_evaluator_context) ... ok
test_fixture_mission_runs_all_roles_and_persists_separate_results (test_brain_kernel_roles.KernelRoleHandlerTests.test_fixture_mission_runs_all_roles_and_persists_separate_results) ... ok
test_integrator_requests_builder_work_instead_of_patching (test_brain_kernel_roles.KernelRoleHandlerTests.test_integrator_requests_builder_work_instead_of_patching) ... ok
test_kernel_prompts_register_locally_without_champion_mutation (test_brain_kernel_roles.KernelRoleHandlerTests.test_kernel_prompts_register_locally_without_champion_mutation) ... ok
test_optimizer_cannot_promote_or_change_a_champion (test_brain_kernel_roles.KernelRoleHandlerTests.test_optimizer_cannot_promote_or_change_a_champion) ... ok
test_orchestrator_cannot_write_or_accept (test_brain_kernel_roles.KernelRoleHandlerTests.test_orchestrator_cannot_write_or_accept) ... ok
test_result_is_appended_to_the_event_spine_and_replay_validates_it (test_brain_kernel_roles.KernelRoleHandlerTests.test_result_is_appended_to_the_event_spine_and_replay_validates_it) ... ok
test_role_and_context_mismatch_fails_closed (test_brain_kernel_roles.KernelRoleHandlerTests.test_role_and_context_mismatch_fails_closed) ... ok
test_append_only_chain_restart_and_rebuild (test_brain_kernel_store.KernelStoreTests.test_append_only_chain_restart_and_rebuild) ... ok
test_batch_append_is_atomic_and_exact_retry_is_read_only (test_brain_kernel_store.KernelStoreTests.test_batch_append_is_atomic_and_exact_retry_is_read_only) ... ok
test_batch_reducer_failure_rolls_back_every_event_and_projection (test_brain_kernel_store.KernelStoreTests.test_batch_reducer_failure_rolls_back_every_event_and_projection) ... ok
test_batch_rejects_partial_retry_and_competing_bindings (test_brain_kernel_store.KernelStoreTests.test_batch_rejects_partial_retry_and_competing_bindings) ... ok
test_concurrent_appends_are_uniquely_ordered (test_brain_kernel_store.KernelStoreTests.test_concurrent_appends_are_uniquely_ordered) ... ok
test_corrupt_snapshot_is_replaced_from_the_event_spine (test_brain_kernel_store.KernelStoreTests.test_corrupt_snapshot_is_replaced_from_the_event_spine) ... ok
test_database_path_is_portable_relative_to_a_windows_style_state_dir (test_brain_kernel_store.KernelStoreTests.test_database_path_is_portable_relative_to_a_windows_style_state_dir) ... ok
test_failed_reducer_transaction_leaves_no_partial_event_or_projection (test_brain_kernel_store.KernelStoreTests.test_failed_reducer_transaction_leaves_no_partial_event_or_projection) ... ok
test_idempotency_retry_is_not_a_second_event (test_brain_kernel_store.KernelStoreTests.test_idempotency_retry_is_not_a_second_event) ... ok
test_kernel_status_reads_a_fixture_database_without_creating_missing_state (test_brain_kernel_store.KernelStoreTests.test_kernel_status_reads_a_fixture_database_without_creating_missing_state) ... ok
test_rejects_wrong_chain_mutation_and_illegal_transition (test_brain_kernel_store.KernelStoreTests.test_rejects_wrong_chain_mutation_and_illegal_transition) ... ok
test_snapshot_rejects_paired_state_and_digest_tampering (test_brain_kernel_store.KernelStoreTests.test_snapshot_rejects_paired_state_and_digest_tampering) ... ok
test_candidate_mutation_or_direct_acceptance_fails_closed (test_brain_kernel_verification.ExactCandidateVerificationTests.test_candidate_mutation_or_direct_acceptance_fails_closed) ... ok
test_passed_exact_candidate_can_be_accepted_only_with_its_verdict (test_brain_kernel_verification.ExactCandidateVerificationTests.test_passed_exact_candidate_can_be_accepted_only_with_its_verdict) ... ok
test_same_identity_and_out_of_scope_candidate_fail_closed (test_brain_kernel_verification.ExactCandidateVerificationTests.test_same_identity_and_out_of_scope_candidate_fail_closed) ... ok
test_seal_rejects_a_base_that_changed_after_plan_creation (test_brain_kernel_verification.ExactCandidateVerificationTests.test_seal_rejects_a_base_that_changed_after_plan_creation) ... ok
test_idempotent_enqueue_and_independent_work_complete (test_brain_kernel_workers.KernelWorkerTests.test_idempotent_enqueue_and_independent_work_complete) ... ok
test_kernel_events_precede_local_worker_completion (test_brain_kernel_workers.KernelWorkerTests.test_kernel_events_precede_local_worker_completion) ... ok
test_locked_writer_retries_without_execution_and_expired_lock_recovers (test_brain_kernel_workers.KernelWorkerTests.test_locked_writer_retries_without_execution_and_expired_lock_recovers) ... ok
test_documented_gate_matches_workflow (test_ci_contract.CIContractTests.test_documented_gate_matches_workflow) ... ok
test_no_test_module_imports_third_party (test_ci_contract.CIContractTests.test_no_test_module_imports_third_party) ... ok
test_readme_starts_with_status_and_a_runnable_entry_point (test_ci_contract.CIContractTests.test_readme_starts_with_status_and_a_runnable_entry_point) ... ok
test_sbom_is_materialized_validated_uploaded_and_attested (test_ci_contract.CIContractTests.test_sbom_is_materialized_validated_uploaded_and_attested) ... ok
test_workflow_exercises_windows_with_python_3_12 (test_ci_contract.CIContractTests.test_workflow_exercises_windows_with_python_3_12) ... ok
test_workflow_installs_no_extras (test_ci_contract.CIContractTests.test_workflow_installs_no_extras) ... ok
test_actor_cannot_verify_its_own_work (test_classic_gpt.ClassicGptSimulationTests.test_actor_cannot_verify_its_own_work) ... ok
test_byte_inventory_fails_on_add_remove_substitute_and_reorder (test_classic_gpt.ClassicGptSimulationTests.test_byte_inventory_fails_on_add_remove_substitute_and_reorder) ... ok
test_completion_requires_every_role_verifier_and_resolved_blockers (test_classic_gpt.ClassicGptSimulationTests.test_completion_requires_every_role_verifier_and_resolved_blockers) ... ok
test_duplicate_action_ids_cannot_mask_a_failed_side_effect (test_classic_gpt.ClassicGptSimulationTests.test_duplicate_action_ids_cannot_mask_a_failed_side_effect) ... ok
test_failed_receipt_cannot_support_completion (test_classic_gpt.ClassicGptSimulationTests.test_failed_receipt_cannot_support_completion) ... ok
test_legacy_receipt_string_is_rejected (test_classic_gpt.ClassicGptSimulationTests.test_legacy_receipt_string_is_rejected) ... ok
test_manifest_matches_lf_bytes_used_by_clean_checkouts (test_classic_gpt.ClassicGptSimulationTests.test_manifest_matches_lf_bytes_used_by_clean_checkouts) ... ok
test_manifest_schema_incompatibility_fails_closed (test_classic_gpt.ClassicGptSimulationTests.test_manifest_schema_incompatibility_fails_closed) ... ok
test_manifest_semantics_and_unknown_fields_are_fingerprint_bound (test_classic_gpt.ClassicGptSimulationTests.test_manifest_semantics_and_unknown_fields_are_fingerprint_bound) ... ok
test_missing_source_or_required_marker_fails_closed (test_classic_gpt.ClassicGptSimulationTests.test_missing_source_or_required_marker_fails_closed) ... ok
test_receipt_cannot_be_reused_for_another_action (test_classic_gpt.ClassicGptSimulationTests.test_receipt_cannot_be_reused_for_another_action) ... ok
test_receipted_side_effect_is_allowed (test_classic_gpt.ClassicGptSimulationTests.test_receipted_side_effect_is_allowed) ... ok
test_runtime_enum_type_confusion_is_rejected (test_classic_gpt.ClassicGptSimulationTests.test_runtime_enum_type_confusion_is_rejected) ... ok
test_side_effect_receipt_fails_closed_without_validator (test_classic_gpt.ClassicGptSimulationTests.test_side_effect_receipt_fails_closed_without_validator) ... ok
test_side_effect_remains_unverified_without_external_receipt (test_classic_gpt.ClassicGptSimulationTests.test_side_effect_remains_unverified_without_external_receipt) ... ok
test_source_pack_files_exist_and_pass_marker_audit (test_classic_gpt.ClassicGptSimulationTests.test_source_pack_files_exist_and_pass_marker_audit) ... ok
test_state_and_next_action_are_mandatory (test_classic_gpt.ClassicGptSimulationTests.test_state_and_next_action_are_mandatory) ... ok
test_deliver_names_the_fixture_only_backend (test_cli_demo.DemoCliTests.test_deliver_names_the_fixture_only_backend) ... ok
test_demo_repairs_the_fixture_and_prints_a_concise_honest_summary (test_cli_demo.DemoCliTests.test_demo_repairs_the_fixture_and_prints_a_concise_honest_summary) ... ok
test_enqueue_pins_and_deduplicates_semantic_work (test_cli_enqueue.EnqueueCliTests.test_enqueue_pins_and_deduplicates_semantic_work) ... ok
test_enqueue_rejects_a_mutable_pin (test_cli_enqueue.EnqueueCliTests.test_enqueue_rejects_a_mutable_pin) ... ok
test_legacy_rollback_mode_reuses_the_existing_job_without_kernel_writes (test_cli_enqueue.EnqueueCliTests.test_legacy_rollback_mode_reuses_the_existing_job_without_kernel_writes) ... ok
test_deliver_help_exposes_non_secret_provider_overrides (test_cli_provider_config.DeliverProviderConfigurationTests.test_deliver_help_exposes_non_secret_provider_overrides) ... ok
test_experiment_run_fails_until_a_real_evaluation_surface_exists (test_cli_provider_config.DeliverProviderConfigurationTests.test_experiment_run_fails_until_a_real_evaluation_surface_exists) ... ok
test_flags_override_environment_for_primary_and_curator (test_cli_provider_config.DeliverProviderConfigurationTests.test_flags_override_environment_for_primary_and_curator) ... ok
test_model_configuration_lists_each_missing_variable (test_cli_provider_config.DeliverProviderConfigurationTests.test_model_configuration_lists_each_missing_variable) ... ok
test_subscription_provider_configuration_needs_no_api_key_or_model (test_cli_provider_config.DeliverProviderConfigurationTests.test_subscription_provider_configuration_needs_no_api_key_or_model) ... ok
test_collector_writes_review_evidence_without_authorizing_activation (test_collect_v4_activation_evidence.CollectV4ActivationEvidenceTests.test_collector_writes_review_evidence_without_authorizing_activation) ... ok
test_approved_has_no_reason_but_nonapproval_reason_is_short_and_safe (test_continuation.ContinuationPacketTests.test_approved_has_no_reason_but_nonapproval_reason_is_short_and_safe) ... ok
test_export_validate_and_cli_round_trip (test_continuation.ContinuationPacketTests.test_export_validate_and_cli_round_trip) ... ok
test_nonfinite_packet_is_rejected_without_cli_crash (test_continuation.ContinuationPacketTests.test_nonfinite_packet_is_rejected_without_cli_crash) ... ok
test_output_cannot_dirty_the_bound_repository (test_continuation.ContinuationPacketTests.test_output_cannot_dirty_the_bound_repository) ... ok
test_packet_tampering_unknown_fields_and_unsafe_paths_are_rejected (test_continuation.ContinuationPacketTests.test_packet_tampering_unknown_fields_and_unsafe_paths_are_rejected) ... ok
test_remote_authority_cannot_be_granted (test_continuation.ContinuationPacketTests.test_remote_authority_cannot_be_granted) ... ok
test_subdirectory_cannot_bypass_output_guard_or_store_unsafe_identifiers (test_continuation.ContinuationPacketTests.test_subdirectory_cannot_bypass_output_guard_or_store_unsafe_identifiers) ... ok
test_unclean_and_stale_worktree_are_rejected (test_continuation.ContinuationPacketTests.test_unclean_and_stale_worktree_are_rejected) ... ok
test_write_packet_returns_the_requested_path_when_windows_resolution_uses_an_alias (test_continuation.ContinuationPacketTests.test_write_packet_returns_the_requested_path_when_windows_resolution_uses_an_alias) ... ok
test_actions_bind_mission_state_actor_digest_and_receipt_verifier (test_contracts.ContractSchemaTests.test_actions_bind_mission_state_actor_digest_and_receipt_verifier) ... ok
test_catalog_is_complete_strict_and_draft_2020_12 (test_contracts.ContractSchemaTests.test_catalog_is_complete_strict_and_draft_2020_12) ... ok
test_completion_requires_all_roles_independence_and_receipts (test_contracts.ContractSchemaTests.test_completion_requires_all_roles_independence_and_receipts) ... ok
test_extension_component_identifiers_match_runtime_rules (test_contracts.ContractSchemaTests.test_extension_component_identifiers_match_runtime_rules) ... ok
test_foreign_receipt_and_handoff_bindings_fail (test_contracts.ContractSchemaTests.test_foreign_receipt_and_handoff_bindings_fail) ... ok
test_legacy_schema_names_and_identifiers_are_unchanged (test_contracts.ContractSchemaTests.test_legacy_schema_names_and_identifiers_are_unchanged) ... ok
test_live_source_and_claim_records_conform_to_formal_contracts (test_contracts.ContractSchemaTests.test_live_source_and_claim_records_conform_to_formal_contracts) ... ok
test_package_trust_and_ooda_contracts_fail_closed (test_contracts.ContractSchemaTests.test_package_trust_and_ooda_contracts_fail_closed) ... ok
test_portable_path_contract_rejects_escape_and_windows_paths (test_contracts.ContractSchemaTests.test_portable_path_contract_rejects_escape_and_windows_paths) ... ok
test_rfc3339_and_finite_number_contracts_fail_closed (test_contracts.ContractSchemaTests.test_rfc3339_and_finite_number_contracts_fail_closed) ... ok
test_runtime_example_validates_against_formal_contract (test_contracts.ContractSchemaTests.test_runtime_example_validates_against_formal_contract) ... ok
test_unknown_fields_and_runtime_type_confusion_fail_closed (test_contracts.ContractSchemaTests.test_unknown_fields_and_runtime_type_confusion_fail_closed) ... ok
test_each_node_receives_only_direct_bodies_and_content_addressed_cold_refs (test_control_token_economy.ContextCapsuleTests.test_each_node_receives_only_direct_bodies_and_content_addressed_cold_refs) ... ok
test_measured_fixture_is_materially_smaller_than_naive_fanout (test_control_token_economy.ContextCapsuleTests.test_measured_fixture_is_materially_smaller_than_naive_fanout) ... ok
test_routes_must_disposition_every_item_exactly_once (test_control_token_economy.ContextCapsuleTests.test_routes_must_disposition_every_item_exactly_once) ... ok
test_failure_retains_first_cause_and_every_distinct_material_error (test_control_token_economy.EvidenceCompactionTests.test_failure_retains_first_cause_and_every_distinct_material_error) ... ok
test_passing_logs_compact_with_full_raw_digest (test_control_token_economy.EvidenceCompactionTests.test_passing_logs_compact_with_full_raw_digest) ... ok
test_unrecognized_failure_is_not_compacted_to_empty_and_bound_is_closed (test_control_token_economy.EvidenceCompactionTests.test_unrecognized_failure_is_not_compacted_to_empty_and_bound_is_closed) ... ok
test_concurrent_publication_refuses_a_non_file_destination (test_control_token_economy.TestResultCacheTests.test_concurrent_publication_refuses_a_non_file_destination) ... ok
test_failure_is_retained_but_not_reused_and_corruption_blocks (test_control_token_economy.TestResultCacheTests.test_failure_is_retained_but_not_reused_and_corruption_blocks) ... ok
test_only_exact_passing_candidate_context_is_reused (test_control_token_economy.TestResultCacheTests.test_only_exact_passing_candidate_context_is_reused) ... ok
test_semantic_locks_must_have_one_canonical_order (test_control_token_economy.TestResultCacheTests.test_semantic_locks_must_have_one_canonical_order) ... ok
test_independent_participants_are_required (test_courtroom.CourtroomTests.test_independent_participants_are_required) ... ok
test_no_adversarial_evidence_defers_design (test_courtroom.CourtroomTests.test_no_adversarial_evidence_defers_design) ... ok
test_pending_source_is_deferred_for_design (test_courtroom.CourtroomTests.test_pending_source_is_deferred_for_design) ... ok
test_prohibited_finding_quarantines_even_high_value_idea (test_courtroom.CourtroomTests.test_prohibited_finding_quarantines_even_high_value_idea) ... ok
test_superiority_requires_comparators_and_benchmarks (test_courtroom.CourtroomTests.test_superiority_requires_comparators_and_benchmarks) ... ok
test_unresolved_objection_produces_adapt_verdict (test_courtroom.CourtroomTests.test_unresolved_objection_produces_adapt_verdict) ... ok
test_blind_seal_precedes_head_access_and_reordering_is_rejected (test_curator.CuratorReviewTests.test_blind_seal_precedes_head_access_and_reordering_is_rejected) ... ok
test_builder_receipt_contamination_fails_mission_closed (test_curator.CuratorReviewTests.test_builder_receipt_contamination_fails_mission_closed) ... ok
test_check_added_after_seal_is_rejected (test_curator.CuratorReviewTests.test_check_added_after_seal_is_rejected) ... ok
test_full_scripted_mission_passes_and_sabotage_stays_closed (test_curator.CuratorReviewTests.test_full_scripted_mission_passes_and_sabotage_stays_closed) ... ok
test_malformed_context_manifest_fields_fail_mission_closed (test_curator.CuratorReviewTests.test_malformed_context_manifest_fields_fail_mission_closed) ... C:\Python314\Lib\json\decoder.py:361: ResourceWarning: unclosed database in <sqlite3.Connection object at 0x000001FAE55AA890>
  obj, end = self.scan_once(s, idx)
ResourceWarning: Enable tracemalloc to get the object allocation traceback
C:\Python314\Lib\json\decoder.py:361: ResourceWarning: unclosed database in <sqlite3.Connection object at 0x000001FAE55AA3E0>
  obj, end = self.scan_once(s, idx)
ResourceWarning: Enable tracemalloc to get the object allocation traceback
C:\Python314\Lib\json\decoder.py:361: ResourceWarning: unclosed database in <sqlite3.Connection object at 0x000001FAE54C36A0>
  obj, end = self.scan_once(s, idx)
ResourceWarning: Enable tracemalloc to get the object allocation traceback
C:\Python314\Lib\json\decoder.py:361: ResourceWarning: unclosed database in <sqlite3.Connection object at 0x000001FAE54C3880>
  obj, end = self.scan_once(s, idx)
ResourceWarning: Enable tracemalloc to get the object allocation traceback
C:\Python314\Lib\json\decoder.py:361: ResourceWarning: unclosed database in <sqlite3.Connection object at 0x000001FAE54C3790>
  obj, end = self.scan_once(s, idx)
ResourceWarning: Enable tracemalloc to get the object allocation traceback
C:\Python314\Lib\json\decoder.py:361: ResourceWarning: unclosed database in <sqlite3.Connection object at 0x000001FAE54C0400>
  obj, end = self.scan_once(s, idx)
ResourceWarning: Enable tracemalloc to get the object allocation traceback
C:\Python314\Lib\json\decoder.py:361: ResourceWarning: unclosed database in <sqlite3.Connection object at 0x000001FAE54C05E0>
  obj, end = self.scan_once(s, idx)
ResourceWarning: Enable tracemalloc to get the object allocation traceback
C:\Python314\Lib\json\decoder.py:361: ResourceWarning: unclosed database in <sqlite3.Connection object at 0x000001FAE5434F40>
  obj, end = self.scan_once(s, idx)
ResourceWarning: Enable tracemalloc to get the object allocation traceback
C:\Python314\Lib\json\decoder.py:361: ResourceWarning: unclosed database in <sqlite3.Connection object at 0x000001FAE566AA70>
  obj, end = self.scan_once(s, idx)
ResourceWarning: Enable tracemalloc to get the object allocation traceback
C:\Users\beesp\.codex\worktrees\b7eb\hive-mind-os\src\hive_mind_os\ledger.py:158: ResourceWarning: unclosed database in <sqlite3.Connection object at 0x000001FAE5668400>
  **dict(row),
ResourceWarning: Enable tracemalloc to get the object allocation traceback
C:\Users\beesp\.codex\worktrees\b7eb\hive-mind-os\src\hive_mind_os\ledger.py:158: ResourceWarning: unclosed database in <sqlite3.Connection object at 0x000001FAE3890A90>
  **dict(row),
ResourceWarning: Enable tracemalloc to get the object allocation traceback
C:\Users\beesp\.codex\worktrees\b7eb\hive-mind-os\src\hive_mind_os\ledger.py:158: ResourceWarning: unclosed database in <sqlite3.Connection object at 0x000001FAE56684F0>
  **dict(row),
ResourceWarning: Enable tracemalloc to get the object allocation traceback
C:\Users\beesp\.codex\worktrees\b7eb\hive-mind-os\src\hive_mind_os\ledger.py:158: ResourceWarning: unclosed database in <sqlite3.Connection object at 0x000001FAE54C0130>
  **dict(row),
ResourceWarning: Enable tracemalloc to get the object allocation traceback
C:\Users\beesp\.codex\worktrees\b7eb\hive-mind-os\src\hive_mind_os\ledger.py:158: ResourceWarning: unclosed database in <sqlite3.Connection object at 0x000001FAE54C0220>
  **dict(row),
ResourceWarning: Enable tracemalloc to get the object allocation traceback
ok
test_not_evaluated_is_recorded_and_non_blocking (test_curator.CuratorReviewTests.test_not_evaluated_is_recorded_and_non_blocking) ... ok
test_role_override_and_shared_provider_are_explicit_in_receipts (test_curator.CuratorReviewTests.test_role_override_and_shared_provider_are_explicit_in_receipts) ... ok
test_sabotage_fails_sealed_check_and_test_weakening_heuristic (test_curator.CuratorReviewTests.test_sabotage_fails_sealed_check_and_test_weakening_heuristic) ... C:\Python314\Lib\json\decoder.py:361: ResourceWarning: unclosed database in <sqlite3.Connection object at 0x000001FAE54C23E0>
  obj, end = self.scan_once(s, idx)
ResourceWarning: Enable tracemalloc to get the object allocation traceback
C:\Python314\Lib\json\decoder.py:361: ResourceWarning: unclosed database in <sqlite3.Connection object at 0x000001FAE54C26B0>
  obj, end = self.scan_once(s, idx)
ResourceWarning: Enable tracemalloc to get the object allocation traceback
C:\Python314\Lib\json\decoder.py:361: ResourceWarning: unclosed database in <sqlite3.Connection object at 0x000001FAE54C2200>
  obj, end = self.scan_once(s, idx)
ResourceWarning: Enable tracemalloc to get the object allocation traceback
C:\Python314\Lib\json\decoder.py:361: ResourceWarning: unclosed database in <sqlite3.Connection object at 0x000001FAE5437100>
  obj, end = self.scan_once(s, idx)
ResourceWarning: Enable tracemalloc to get the object allocation traceback
ok
test_same_identity_verification_is_rejected (test_curator.CuratorReviewTests.test_same_identity_verification_is_rejected) ... ok
test_audit_timeout_covers_the_full_recovery_suite_budget (test_current_state_audit.CurrentStateAuditTests.test_audit_timeout_covers_the_full_recovery_suite_budget) ... ok
test_boolean_schema_and_contradictory_complete_audit_are_rejected (test_current_state_audit.CurrentStateAuditTests.test_boolean_schema_and_contradictory_complete_audit_are_rejected) ... ok
test_broken_reference_detector_rejects_missing_and_escaping_paths (test_current_state_audit.CurrentStateAuditTests.test_broken_reference_detector_rejects_missing_and_escaping_paths) ... ok
test_collects_repository_docket_without_broken_receipts_or_running_tests (test_current_state_audit.CurrentStateAuditTests.test_collects_repository_docket_without_broken_receipts_or_running_tests) ... <frozen importlib._bootstrap>:491: ResourceWarning: unclosed database in <sqlite3.Connection object at 0x000001FAE3890A90>
ResourceWarning: Enable tracemalloc to get the object allocation traceback
ok
test_command_output_limit_applies_to_serialized_invalid_utf8 (test_current_state_audit.CurrentStateAuditTests.test_command_output_limit_applies_to_serialized_invalid_utf8) ... ok
test_command_output_limit_counts_json_escape_expansion (test_current_state_audit.CurrentStateAuditTests.test_command_output_limit_counts_json_escape_expansion) ... ok
test_command_output_limit_is_shared_across_both_streams (test_current_state_audit.CurrentStateAuditTests.test_command_output_limit_is_shared_across_both_streams) ... ok
test_command_output_limit_stops_and_rejects_verbose_process (test_current_state_audit.CurrentStateAuditTests.test_command_output_limit_stops_and_rejects_verbose_process) ... ok
test_command_timeout_is_a_visible_failed_observation (test_current_state_audit.CurrentStateAuditTests.test_command_timeout_is_a_visible_failed_observation) ... ok
test_digest_detects_mutation (test_current_state_audit.CurrentStateAuditTests.test_digest_detects_mutation) ... ok
test_free_form_success_text_is_not_a_test_receipt (test_current_state_audit.CurrentStateAuditTests.test_free_form_success_text_is_not_a_test_receipt) ... ok
test_interrupted_atomic_publish_leaves_destination_retryable (test_current_state_audit.CurrentStateAuditTests.test_interrupted_atomic_publish_leaves_destination_retryable) ... ok
test_lone_surrogate_in_untrusted_artifact_fails_closed (test_current_state_audit.CurrentStateAuditTests.test_lone_surrogate_in_untrusted_artifact_fails_closed) ... ok
test_minimal_self_digested_payload_is_not_a_verified_audit (test_current_state_audit.CurrentStateAuditTests.test_minimal_self_digested_payload_is_not_a_verified_audit) ... ok
test_noncanonical_json_values_fail_closed (test_current_state_audit.CurrentStateAuditTests.test_noncanonical_json_values_fail_closed) ... ok
test_optional_signature_requires_matching_key (test_current_state_audit.CurrentStateAuditTests.test_optional_signature_requires_matching_key) ... ok
test_output_cap_terminates_descendants_that_inherit_output_pipes (test_current_state_audit.CurrentStateAuditTests.test_output_cap_terminates_descendants_that_inherit_output_pipes) ... ok
test_repository_docket_loader_passes_repository_when_supported (test_current_state_audit.CurrentStateAuditTests.test_repository_docket_loader_passes_repository_when_supported) ... ok
test_repository_docket_loader_preserves_internal_type_error (test_current_state_audit.CurrentStateAuditTests.test_repository_docket_loader_preserves_internal_type_error) ... ok
test_repository_docket_loader_rejects_uninspectable_signature (test_current_state_audit.CurrentStateAuditTests.test_repository_docket_loader_rejects_uninspectable_signature) ... ok
test_repository_docket_loader_rejects_unsupported_signature (test_current_state_audit.CurrentStateAuditTests.test_repository_docket_loader_rejects_unsupported_signature) ... ok
test_repository_docket_loader_supports_legacy_zero_argument_loader (test_current_state_audit.CurrentStateAuditTests.test_repository_docket_loader_supports_legacy_zero_argument_loader) ... ok
test_schema6_rejects_fabricated_coverage_blockers_and_maturity (test_current_state_audit.CurrentStateAuditTests.test_schema6_rejects_fabricated_coverage_blockers_and_maturity) ... ok
test_successful_parent_exit_still_terminates_pipe_retaining_descendants (test_current_state_audit.CurrentStateAuditTests.test_successful_parent_exit_still_terminates_pipe_retaining_descendants) ... ok
test_test_time_worktree_mutation_is_reported (test_current_state_audit.CurrentStateAuditTests.test_test_time_worktree_mutation_is_reported) ... ok
test_timeout_terminates_descendants_that_inherit_output_pipes (test_current_state_audit.CurrentStateAuditTests.test_timeout_terminates_descendants_that_inherit_output_pipes) ... ok
test_unknown_schema_is_not_verified (test_current_state_audit.CurrentStateAuditTests.test_unknown_schema_is_not_verified) ... ok
test_unrecognized_overall_pytest_result_cannot_complete (test_current_state_audit.CurrentStateAuditTests.test_unrecognized_overall_pytest_result_cannot_complete) ... ok
test_version_three_shape_is_preserved_but_not_currently_verified (test_current_state_audit.CurrentStateAuditTests.test_version_three_shape_is_preserved_but_not_currently_verified) ... ok
test_version_two_shape_is_preserved_but_not_currently_verified (test_current_state_audit.CurrentStateAuditTests.test_version_two_shape_is_preserved_but_not_currently_verified) ... ok
test_written_artifact_is_newline_terminated (test_current_state_audit.CurrentStateAuditTests.test_written_artifact_is_newline_terminated) ... ok
test_zero_exit_failed_or_mixed_pytest_summary_is_not_passing (test_current_state_audit.CurrentStateAuditTests.test_zero_exit_failed_or_mixed_pytest_summary_is_not_passing) ... ok
test_all_permitted_workers_start_before_poll_and_run_is_repeat_idempotent (test_dag_executor.DagExecutorTests.test_all_permitted_workers_start_before_poll_and_run_is_repeat_idempotent) ... ok
test_cancel_is_idempotent_but_cannot_rewrite_a_completed_run (test_dag_executor.DagExecutorTests.test_cancel_is_idempotent_but_cannot_rewrite_a_completed_run) ... ok
test_execution_journal_rejects_invalid_transitions_before_append (test_dag_executor.DagExecutorTests.test_execution_journal_rejects_invalid_transitions_before_append) ... ok
test_execution_journal_reopens_and_rejects_tamper (test_dag_executor.DagExecutorTests.test_execution_journal_reopens_and_rejects_tamper) ... ok
test_failed_sibling_preserves_success_and_requires_exact_reconciliation (test_dag_executor.DagExecutorTests.test_failed_sibling_preserves_success_and_requires_exact_reconciliation) ... ok
test_graph_patch_requires_signature_and_is_monotonic (test_dag_executor.DagExecutorTests.test_graph_patch_requires_signature_and_is_monotonic) ... ok
test_stale_activation_missing_adapter_and_insufficient_authority_fail_before_host (test_dag_executor.DagExecutorTests.test_stale_activation_missing_adapter_and_insufficient_authority_fail_before_host) ... ok
test_canonical_compiler_emits_repeatable_conflict_free_rounds (test_dag_standard_product.PackagedDagCompilerTests.test_canonical_compiler_emits_repeatable_conflict_free_rounds) ... ok
test_digest_standard_package_and_canonical_substitution_fail_closed (test_dag_standard_product.PackagedDagCompilerTests.test_digest_standard_package_and_canonical_substitution_fail_closed) ... ok
test_missing_role_evidence_or_lifecycle_fails_closed (test_dag_standard_product.PackagedDagCompilerTests.test_missing_role_evidence_or_lifecycle_fails_closed) ... ok
test_product_compiler_has_no_execute_surface (test_dag_standard_product.PackagedDagCompilerTests.test_product_compiler_has_no_execute_surface) ... ok
test_resource_capacity_splits_a_dependency_level (test_dag_standard_product.PackagedDagCompilerTests.test_resource_capacity_splits_a_dependency_level) ... ok
test_a_fabricated_owner_authority_record_is_refused (test_delivery_grants.AttributionTests.test_a_fabricated_owner_authority_record_is_refused) ... ok
test_a_grant_that_lies_about_its_issuer_is_never_recorded (test_delivery_grants.AttributionTests.test_a_grant_that_lies_about_its_issuer_is_never_recorded) ... ok
test_a_self_issued_grant_is_refused_when_the_owner_authority_is_anchored (test_delivery_grants.AttributionTests.test_a_self_issued_grant_is_refused_when_the_owner_authority_is_anchored) ... ok
test_an_anchored_owner_still_issues_usable_grants (test_delivery_grants.AttributionTests.test_an_anchored_owner_still_issues_usable_grants) ... ok
test_issuance_records_the_authority_the_grant_was_issued_under (test_delivery_grants.AttributionTests.test_issuance_records_the_authority_the_grant_was_issued_under) ... ok
test_issuance_under_a_foreign_authority_is_refused (test_delivery_grants.AttributionTests.test_issuance_under_a_foreign_authority_is_refused) ... ok
test_self_issuance_is_refused_outright_while_an_anchor_stands (test_delivery_grants.AttributionTests.test_self_issuance_is_refused_outright_while_an_anchor_stands) ... ok
test_the_anchored_owner_authority_cannot_be_replaced (test_delivery_grants.AttributionTests.test_the_anchored_owner_authority_cannot_be_replaced) ... ok
test_a_grant_that_names_no_expiry_gets_a_finite_default (test_delivery_grants.ExpiryTests.test_a_grant_that_names_no_expiry_gets_a_finite_default) ... ok
test_a_lifetime_beyond_the_maximum_is_refused_at_issuance (test_delivery_grants.ExpiryTests.test_a_lifetime_beyond_the_maximum_is_refused_at_issuance) ... ok
test_an_elapsed_grant_is_refused_against_the_real_clock (test_delivery_grants.ExpiryTests.test_an_elapsed_grant_is_refused_against_the_real_clock) ... ok
test_an_expired_grant_is_refused_at_every_use (test_delivery_grants.ExpiryTests.test_an_expired_grant_is_refused_at_every_use) ... ok
test_an_expiry_that_does_not_follow_issuance_is_refused (test_delivery_grants.ExpiryTests.test_an_expiry_that_does_not_follow_issuance_is_refused) ... ok
test_an_unreadable_time_is_refused (test_delivery_grants.ExpiryTests.test_an_unreadable_time_is_refused) ... ok
test_expiry_is_refused_at_its_own_instant (test_delivery_grants.ExpiryTests.test_expiry_is_refused_at_its_own_instant) ... ok
test_a_grant_carrying_no_issuance_or_expiry_fails_closed (test_delivery_grants.SealTests.test_a_grant_carrying_no_issuance_or_expiry_fails_closed) ... ok
test_the_digest_seals_the_issuance_and_expiry_fields (test_delivery_grants.SealTests.test_the_digest_seals_the_issuance_and_expiry_fields) ... ok
test_two_grants_differing_only_in_authority_have_different_digests (test_delivery_grants.SealTests.test_two_grants_differing_only_in_authority_have_different_digests) ... ok
test_a_bare_ledger_cannot_issue_or_spend_a_grant (test_delivery_grants.UnissuedGrantTests.test_a_bare_ledger_cannot_issue_or_spend_a_grant) ... ok
test_a_grant_from_the_issuance_path_is_honoured (test_delivery_grants.UnissuedGrantTests.test_a_grant_from_the_issuance_path_is_honoured) ... ok
test_a_grant_the_ledger_never_admitted_authorizes_nothing (test_delivery_grants.UnissuedGrantTests.test_a_grant_the_ledger_never_admitted_authorizes_nothing) ... ok
test_an_issuance_recorded_under_other_fields_does_not_carry (test_delivery_grants.UnissuedGrantTests.test_an_issuance_recorded_under_other_fields_does_not_carry) ... ok
test_every_delivery_adapter_refuses_an_unissued_grant (test_delivery_grants.UnissuedGrantTests.test_every_delivery_adapter_refuses_an_unissued_grant) ... ok
test_author_reveal_before_start_invalidates_and_records (test_experiment_runner.ExperimentRunnerTests.test_author_reveal_before_start_invalidates_and_records) ... ok
test_committed_experiment_artifacts_match_git_bytes_or_adverse_manifest (test_experiment_runner.ExperimentRunnerTests.test_committed_experiment_artifacts_match_git_bytes_or_adverse_manifest) ... ok
test_fixture_surface_is_disabled_until_it_uses_a_real_backend (test_experiment_runner.ExperimentRunnerTests.test_fixture_surface_is_disabled_until_it_uses_a_real_backend) ... ok
test_keep_records_pending_appeal_without_self_promotion (test_experiment_runner.ExperimentRunnerTests.test_keep_records_pending_appeal_without_self_promotion) ... ok
test_missing_surface_artifact_quarantines_instead_of_promoting (test_experiment_runner.ExperimentRunnerTests.test_missing_surface_artifact_quarantines_instead_of_promoting) ... ok
test_model_backend_without_registry_preserves_generation_zero_prompt (test_experiment_runner.ExperimentRunnerTests.test_model_backend_without_registry_preserves_generation_zero_prompt) ... ok
test_model_receipt_follows_promotion_and_rollback (test_experiment_runner.ExperimentRunnerTests.test_model_receipt_follows_promotion_and_rollback) ... ok
test_noise_retests_then_stops_at_patience_without_promotion (test_experiment_runner.ExperimentRunnerTests.test_noise_retests_then_stops_at_patience_without_promotion) ... ok
test_pit_surface_runs_each_pinned_oracle_episode (test_experiment_runner.ExperimentRunnerTests.test_pit_surface_runs_each_pinned_oracle_episode) ... ok
test_self_builder_is_quarantined (test_experiment_runner.ExperimentRunnerTests.test_self_builder_is_quarantined) ... ok
test_self_evaluator_is_quarantined (test_experiment_runner.ExperimentRunnerTests.test_self_evaluator_is_quarantined) ... ok
test_tampered_surface_artifact_quarantines_instead_of_promoting (test_experiment_runner.ExperimentRunnerTests.test_tampered_surface_artifact_quarantines_instead_of_promoting) ... ok
test_token_guardrail_regression_discards (test_experiment_runner.ExperimentRunnerTests.test_token_guardrail_regression_discards) ... ok
test_concurrent_round_starts_and_duplicate_resume_do_not_repeat_effects (test_generic_dag_failure_matrix.GenericDagFailureMatrixTests.test_concurrent_round_starts_and_duplicate_resume_do_not_repeat_effects) ... ok
test_hidden_dependency_and_candidate_mutation_fail_compiler_binding (test_generic_dag_failure_matrix.GenericDagFailureMatrixTests.test_hidden_dependency_and_candidate_mutation_fail_compiler_binding) ... ok
test_host_loss_preserves_sibling_checkpoint_and_requires_reconciliation (test_generic_dag_failure_matrix.GenericDagFailureMatrixTests.test_host_loss_preserves_sibling_checkpoint_and_requires_reconciliation) ... ok
test_integration_target_conflict_requires_replan_without_cas (test_generic_dag_failure_matrix.GenericDagFailureMatrixTests.test_integration_target_conflict_requires_replan_without_cas) ... ok
test_target_snapshot_drift_fails_before_prepare_or_node_execution (test_generic_dag_failure_matrix.GenericDagFailureMatrixTests.test_target_snapshot_drift_fails_before_prepare_or_node_execution) ... ok
test_cross_language_and_non_repository_matrix_uses_public_contracts (test_generic_dag_fixtures.GenericDagFixtureTests.test_cross_language_and_non_repository_matrix_uses_public_contracts) ... ok
test_fixture_inventory_forbids_live_external_capabilities (test_generic_dag_fixtures.GenericDagFixtureTests.test_fixture_inventory_forbids_live_external_capabilities) ... ok
test_repository_and_artifact_execute_only_against_disposable_inert_host (test_generic_dag_fixtures.GenericDagFixtureTests.test_repository_and_artifact_execute_only_against_disposable_inert_host) ... ok
test_comparator_identity_and_controls_are_retained (test_generic_dag_token_benchmark.GenericDagTokenBenchmarkTests.test_comparator_identity_and_controls_are_retained) ... ok
test_controlled_representative_lanes_exceed_thirty_percent (test_generic_dag_token_benchmark.GenericDagTokenBenchmarkTests.test_controlled_representative_lanes_exceed_thirty_percent) ... ok
test_estimates_missing_measurements_and_losing_lane_fail_qualification (test_generic_dag_token_benchmark.GenericDagTokenBenchmarkTests.test_estimates_missing_measurements_and_losing_lane_fail_qualification) ... ok
test_authenticated_attributes_defeat_system_and_global_autocrlf (test_generic_dag_v3_overlay.GenericDagV3OverlayTests.test_authenticated_attributes_defeat_system_and_global_autocrlf) ... ok
test_authenticated_gitattributes_rules_bind_and_cover_every_raw_path (test_generic_dag_v3_overlay.GenericDagV3OverlayTests.test_authenticated_gitattributes_rules_bind_and_cover_every_raw_path) ... ERROR
test_authoring_authenticates_root_attributes_and_rejects_info_attributes_before_filters (test_generic_dag_v3_overlay.GenericDagV3OverlayTests.test_authoring_authenticates_root_attributes_and_rejects_info_attributes_before_filters) ... ok
test_authoring_late_alternate_overlay_mutation_is_rejected (test_generic_dag_v3_overlay.GenericDagV3OverlayTests.test_authoring_late_alternate_overlay_mutation_is_rejected) ... ok
test_authoring_late_nested_attributes_creation_is_rejected (test_generic_dag_v3_overlay.GenericDagV3OverlayTests.test_authoring_late_nested_attributes_creation_is_rejected) ... ok
test_authoring_late_root_attributes_mutation_is_rejected (test_generic_dag_v3_overlay.GenericDagV3OverlayTests.test_authoring_late_root_attributes_mutation_is_rejected) ... ok
test_authoring_mode_rejects_any_state_beyond_exact_seventeen_payload_paths (test_generic_dag_v3_overlay.GenericDagV3OverlayTests.test_authoring_mode_rejects_any_state_beyond_exact_seventeen_payload_paths) ... ok
test_autopilot_snapshot_enforces_every_resource_bound (test_generic_dag_v3_overlay.GenericDagV3OverlayTests.test_autopilot_snapshot_enforces_every_resource_bound) ... ok
test_ci_contract_retains_windows_python_312_and_314 (test_generic_dag_v3_overlay.GenericDagV3OverlayTests.test_ci_contract_retains_windows_python_312_and_314) ... ok
test_committed_mode_rejects_detached_head_and_wrong_live_branch (test_generic_dag_v3_overlay.GenericDagV3OverlayTests.test_committed_mode_rejects_detached_head_and_wrong_live_branch) ... ok
test_contract_topology_durability_ownership_effect_trace_and_quarantine_corruption (test_generic_dag_v3_overlay.GenericDagV3OverlayTests.test_contract_topology_durability_ownership_effect_trace_and_quarantine_corruption) ... ok
test_default_mode_refuses_dirty_staged_and_other_untracked_state (test_generic_dag_v3_overlay.GenericDagV3OverlayTests.test_default_mode_refuses_dirty_staged_and_other_untracked_state) ... ok
test_default_mode_refuses_precommit_extra_commit_wrong_parent_and_path_change (test_generic_dag_v3_overlay.GenericDagV3OverlayTests.test_default_mode_refuses_precommit_extra_commit_wrong_parent_and_path_change) ... ok
test_default_mode_requires_exact_committed_payload_and_caller_manifest_binding (test_generic_dag_v3_overlay.GenericDagV3OverlayTests.test_default_mode_requires_exact_committed_payload_and_caller_manifest_binding) ... ok
test_digest_mutation_between_calls_is_rejected_before_second_popen (test_generic_dag_v3_overlay.GenericDagV3OverlayTests.test_digest_mutation_between_calls_is_rejected_before_second_popen) ... ok
test_exact_host_evidence_lineage_and_manual_parent_boundaries (test_generic_dag_v3_overlay.GenericDagV3OverlayTests.test_exact_host_evidence_lineage_and_manual_parent_boundaries) ... ok
test_final_stream_enumeration_mutation_is_caught_by_post_lstat (test_generic_dag_v3_overlay.GenericDagV3OverlayTests.test_final_stream_enumeration_mutation_is_caught_by_post_lstat) ... ok
test_frozen_host_files_pointer_is_strict_and_resealed_substitutions_fail (test_generic_dag_v3_overlay.GenericDagV3OverlayTests.test_frozen_host_files_pointer_is_strict_and_resealed_substitutions_fail) ... ok
test_frozen_host_tool_and_evidence_source_byte_mutations_are_rejected (test_generic_dag_v3_overlay.GenericDagV3OverlayTests.test_frozen_host_tool_and_evidence_source_byte_mutations_are_rejected) ... ok
test_frozen_standard_v2_compiles_exact_null_command_rounds (test_generic_dag_v3_overlay.GenericDagV3OverlayTests.test_frozen_standard_v2_compiles_exact_null_command_rounds) ... ok
test_git_boundary_binds_absolute_executable_digest_and_ignores_path (test_generic_dag_v3_overlay.GenericDagV3OverlayTests.test_git_boundary_binds_absolute_executable_digest_and_ignores_path) ... ok
test_git_boundary_blocks_hostile_configs_and_local_worktree_redirect (test_generic_dag_v3_overlay.GenericDagV3OverlayTests.test_git_boundary_blocks_hostile_configs_and_local_worktree_redirect) ... ok
test_git_boundary_rejects_case_insensitive_ambient_overrides (test_generic_dag_v3_overlay.GenericDagV3OverlayTests.test_git_boundary_rejects_case_insensitive_ambient_overrides) ... ok
test_git_boundary_rejects_noncanonical_executable_path (test_generic_dag_v3_overlay.GenericDagV3OverlayTests.test_git_boundary_rejects_noncanonical_executable_path) ... ok
test_git_boundary_rejects_on_disk_object_alternates (test_generic_dag_v3_overlay.GenericDagV3OverlayTests.test_git_boundary_rejects_on_disk_object_alternates) ... ok
test_git_boundary_rejects_symlink_executable_path_when_supported (test_generic_dag_v3_overlay.GenericDagV3OverlayTests.test_git_boundary_rejects_symlink_executable_path_when_supported) ... skipped "file symlinks are unavailable: [WinError 1314] A required privilege is not held by the client: 'C:\\\\Users\\\\beesp\\\\AppData\\\\Local\\\\Temp\\\\tmpmi0zbqno\\\\git.exe' -> 'C:\\\\Users\\\\beesp\\\\AppData\\\\Local\\\\Temp\\\\tmpmi0zbqno\\\\linked-git.exe'"
test_git_executable_continuity_keys_are_platform_scoped (test_generic_dag_v3_overlay.GenericDagV3OverlayTests.test_git_executable_continuity_keys_are_platform_scoped) ... ok
test_git_executable_mutation_after_wait_is_rejected (test_generic_dag_v3_overlay.GenericDagV3OverlayTests.test_git_executable_mutation_after_wait_is_rejected) ... ok
test_git_executable_mutation_before_popen_is_rejected_without_launch (test_generic_dag_v3_overlay.GenericDagV3OverlayTests.test_git_executable_mutation_before_popen_is_rejected_without_launch) ... ok
test_git_executable_mutation_during_wait_is_rejected (test_generic_dag_v3_overlay.GenericDagV3OverlayTests.test_git_executable_mutation_during_wait_is_rejected) ... ok
test_git_executable_mutation_in_popen_construction_is_rejected (test_generic_dag_v3_overlay.GenericDagV3OverlayTests.test_git_executable_mutation_in_popen_construction_is_rejected) ... ok
test_git_output_overflow_timeout_and_non_utf8_fail_closed (test_generic_dag_v3_overlay.GenericDagV3OverlayTests.test_git_output_overflow_timeout_and_non_utf8_fail_closed) ... ok
test_git_replace_hidden_worktree_and_mode_substitution_fail_closed (test_generic_dag_v3_overlay.GenericDagV3OverlayTests.test_git_replace_hidden_worktree_and_mode_substitution_fail_closed) ... ok
test_gitattributes_payload_binding_and_every_required_rule_fail_closed (test_generic_dag_v3_overlay.GenericDagV3OverlayTests.test_gitattributes_payload_binding_and_every_required_rule_fail_closed) ... ok
test_history_bundle_is_digest_pinned_complete_and_prerequisite_bound (test_generic_dag_v3_overlay.GenericDagV3OverlayTests.test_history_bundle_is_digest_pinned_complete_and_prerequisite_bound) ... ok
test_history_bundle_supplies_required_objects_to_prerequisite_only_repository (test_generic_dag_v3_overlay.GenericDagV3OverlayTests.test_history_bundle_supplies_required_objects_to_prerequisite_only_repository) ... ok
test_hostile_hooks_attributes_ignores_external_diff_and_textconv_never_execute (test_generic_dag_v3_overlay.GenericDagV3OverlayTests.test_hostile_hooks_attributes_ignores_external_diff_and_textconv_never_execute) ... ok
test_invalid_v3_has_no_legacy_fallback_and_activation_attacks_are_explicit (test_generic_dag_v3_overlay.GenericDagV3OverlayTests.test_invalid_v3_has_no_legacy_fallback_and_activation_attacks_are_explicit) ... ok
test_literal_powershell_recipes_check_every_python_last_exit_code (test_generic_dag_v3_overlay.GenericDagV3OverlayTests.test_literal_powershell_recipes_check_every_python_last_exit_code) ... ok
test_manifest_digest_malformed_wrong_and_changed_bindings_are_rejected (test_generic_dag_v3_overlay.GenericDagV3OverlayTests.test_manifest_digest_malformed_wrong_and_changed_bindings_are_rejected) ... ok
test_manifest_identity_snapshot_and_tool_substitution_fail_closed (test_generic_dag_v3_overlay.GenericDagV3OverlayTests.test_manifest_identity_snapshot_and_tool_substitution_fail_closed) ... ok
test_materialization_is_repeatable_and_refuses_autopilot_destination (test_generic_dag_v3_overlay.GenericDagV3OverlayTests.test_materialization_is_repeatable_and_refuses_autopilot_destination) ... ok
test_native_format_and_digest_mutations_are_detected_at_lifecycle_checks (test_generic_dag_v3_overlay.GenericDagV3OverlayTests.test_native_format_and_digest_mutations_are_detected_at_lifecycle_checks) ... ok
test_native_image_parser_covers_pe_elf_macho_and_actual_host_git (test_generic_dag_v3_overlay.GenericDagV3OverlayTests.test_native_image_parser_covers_pe_elf_macho_and_actual_host_git) ... ok
test_non_stage_zero_index_is_rejected (test_generic_dag_v3_overlay.GenericDagV3OverlayTests.test_non_stage_zero_index_is_rejected) ... ok
test_outer_verify_detects_directory_hidden_and_system_attributes (test_generic_dag_v3_overlay.GenericDagV3OverlayTests.test_outer_verify_detects_directory_hidden_and_system_attributes) ... ok
test_outer_verify_detects_hidden_and_system_attribute_mutation (test_generic_dag_v3_overlay.GenericDagV3OverlayTests.test_outer_verify_detects_hidden_and_system_attribute_mutation) ... ok
test_outer_verify_detects_named_directory_stream_mutation (test_generic_dag_v3_overlay.GenericDagV3OverlayTests.test_outer_verify_detects_named_directory_stream_mutation) ... ok
test_outer_verify_detects_named_stream_mutation (test_generic_dag_v3_overlay.GenericDagV3OverlayTests.test_outer_verify_detects_named_stream_mutation) ... ok
test_outer_verify_finally_rechecks_digest_after_apparent_success (test_generic_dag_v3_overlay.GenericDagV3OverlayTests.test_outer_verify_finally_rechecks_digest_after_apparent_success) ... ok
test_outer_verify_preserves_primary_and_serializes_cleanup_evidence (test_generic_dag_v3_overlay.GenericDagV3OverlayTests.test_outer_verify_preserves_primary_and_serializes_cleanup_evidence) ... ok
test_path_and_retained_identity_mutations_are_rejected_before_popen (test_generic_dag_v3_overlay.GenericDagV3OverlayTests.test_path_and_retained_identity_mutations_are_rejected_before_popen) ... ok
test_path_open_identity_rejects_optional_windows_attribute_mismatch (test_generic_dag_v3_overlay.GenericDagV3OverlayTests.test_path_open_identity_rejects_optional_windows_attribute_mismatch) ... ok
test_plan_and_node_reseal_substitution_is_rejected (test_generic_dag_v3_overlay.GenericDagV3OverlayTests.test_plan_and_node_reseal_substitution_is_rejected) ... ok
test_popen_uses_exact_executable_no_shell_and_minimal_child_environment (test_generic_dag_v3_overlay.GenericDagV3OverlayTests.test_popen_uses_exact_executable_no_shell_and_minimal_child_environment) ... ok
test_predecessor_reports_are_present_and_exactly_digest_bound (test_generic_dag_v3_overlay.GenericDagV3OverlayTests.test_predecessor_reports_are_present_and_exactly_digest_bound) ... ok
test_preexisting_file_and_directory_ads_are_rejected_initially (test_generic_dag_v3_overlay.GenericDagV3OverlayTests.test_preexisting_file_and_directory_ads_are_rejected_initially) ... ok
test_r4_delta_bundle_reconstructs_the_frozen_successor_without_remote_refs (test_generic_dag_v3_overlay.GenericDagV3OverlayTests.test_r4_delta_bundle_reconstructs_the_frozen_successor_without_remote_refs) ... ok
test_recovery_source_intake_is_closed_pinned_and_adversarially_bound (test_generic_dag_v3_overlay.GenericDagV3OverlayTests.test_recovery_source_intake_is_closed_pinned_and_adversarially_bound) ... ok
test_script_wrapper_and_non_native_image_are_rejected_before_popen (test_generic_dag_v3_overlay.GenericDagV3OverlayTests.test_script_wrapper_and_non_native_image_are_rejected_before_popen) ... ok
test_second_timeout_after_kill_is_a_typed_verification_failure (test_generic_dag_v3_overlay.GenericDagV3OverlayTests.test_second_timeout_after_kill_is_a_typed_verification_failure) ... ok
test_shallow_copied_verifier_import_and_help_are_repository_independent (test_generic_dag_v3_overlay.GenericDagV3OverlayTests.test_shallow_copied_verifier_import_and_help_are_repository_independent) ... ok
test_source_path_swap_collision_and_detached_binding_are_rejected (test_generic_dag_v3_overlay.GenericDagV3OverlayTests.test_source_path_swap_collision_and_detached_binding_are_rejected) ... ok
test_source_substitution_is_rejected_before_materializer_execution (test_generic_dag_v3_overlay.GenericDagV3OverlayTests.test_source_substitution_is_rejected_before_materializer_execution) ... ok
test_strict_json_rejects_duplicate_nonfinite_oversize_and_deep_manifest (test_generic_dag_v3_overlay.GenericDagV3OverlayTests.test_strict_json_rejects_duplicate_nonfinite_oversize_and_deep_manifest) ... ok
test_v5_manifest_binds_predecessor_report_status_lineage_and_anti_downgrade (test_generic_dag_v3_overlay.GenericDagV3OverlayTests.test_v5_manifest_binds_predecessor_report_status_lineage_and_anti_downgrade) ... ok
test_valid_overlay_verifies_without_mutating_historical_plan (test_generic_dag_v3_overlay.GenericDagV3OverlayTests.test_valid_overlay_verifies_without_mutating_historical_plan) ... ok
test_valid_utf8_first_wait_timeout_is_typed_killed_and_reaped (test_generic_dag_v3_overlay.GenericDagV3OverlayTests.test_valid_utf8_first_wait_timeout_is_typed_killed_and_reaped) ... ok
test_windows_ctime_drift_accepts_stable_bytes_and_rejects_changed_bytes_before_launch (test_generic_dag_v3_overlay.GenericDagV3OverlayTests.test_windows_ctime_drift_accepts_stable_bytes_and_rejects_changed_bytes_before_launch) ... ok
test_windows_optional_metadata_and_named_stream_oracle (test_generic_dag_v3_overlay.GenericDagV3OverlayTests.test_windows_optional_metadata_and_named_stream_oracle) ... ok
test_windows_stream_api_failures_and_cleanup_fail_closed (test_generic_dag_v3_overlay.GenericDagV3OverlayTests.test_windows_stream_api_failures_and_cleanup_fail_closed) ... ok
test_windows_system_environment_api_failure_is_normalized (test_generic_dag_v3_overlay.GenericDagV3OverlayTests.test_windows_system_environment_api_failure_is_normalized) ... ok
test_windows_unnamed_stream_size_inconsistency_is_rejected (test_generic_dag_v3_overlay.GenericDagV3OverlayTests.test_windows_unnamed_stream_size_inconsistency_is_rejected) ... ok
test_every_external_signature_is_required (test_generic_dag_v4_activation.GenericDagV4ActivationTests.test_every_external_signature_is_required) ... ok
test_identity_collisions_and_candidate_substitution_fail (test_generic_dag_v4_activation.GenericDagV4ActivationTests.test_identity_collisions_and_candidate_substitution_fail) ... ok
test_manifest_and_all_raw_artifacts_are_bound (test_generic_dag_v4_activation.GenericDagV4ActivationTests.test_manifest_and_all_raw_artifacts_are_bound) ... ok
test_ordered_attestation_signature_and_nonce_gate (test_generic_dag_v4_activation.GenericDagV4ActivationTests.test_ordered_attestation_signature_and_nonce_gate) ... ok
test_predecessor_receipt_semantics_and_dissent_are_load_bearing (test_generic_dag_v4_activation.GenericDagV4ActivationTests.test_predecessor_receipt_semantics_and_dissent_are_load_bearing) ... ok
test_stale_or_non_adopting_evidence_fails (test_generic_dag_v4_activation.GenericDagV4ActivationTests.test_stale_or_non_adopting_evidence_fails) ... ok
test_strict_json_rejects_duplicates_nonfinite_depth_and_size (test_generic_dag_v4_activation.GenericDagV4ActivationTests.test_strict_json_rejects_duplicates_nonfinite_depth_and_size) ... ok
test_checked_plan_is_exact_canonical_builder_output (test_generic_dag_v4_plan.GenericDagV4PlanTests.test_checked_plan_is_exact_canonical_builder_output) ... ok
test_compiler_reproduces_exact_topology_and_governance_coverage (test_generic_dag_v4_plan.GenericDagV4PlanTests.test_compiler_reproduces_exact_topology_and_governance_coverage) ... ok
test_manifest_binds_plan_predecessor_candidate_base_and_request (test_generic_dag_v4_plan.GenericDagV4PlanTests.test_manifest_binds_plan_predecessor_candidate_base_and_request) ... ok
test_plan_is_bounded_to_main_and_denies_external_effects (test_generic_dag_v4_plan.GenericDagV4PlanTests.test_plan_is_bounded_to_main_and_denies_external_effects) ... ok
test_api_has_no_merge_rebase_or_force_surface (test_git_adapter.GitAdapterTests.test_api_has_no_merge_rebase_or_force_surface) ... ok
test_branch_edit_commit_diff_tree_and_receipts (test_git_adapter.GitAdapterTests.test_branch_edit_commit_diff_tree_and_receipts) ... ok
test_declared_tests_fail_at_fixture_head_and_pass_after_fix (test_git_adapter.GitAdapterTests.test_declared_tests_fail_at_fixture_head_and_pass_after_fix) ... ok
test_dirty_workspace_cannot_export_delivery (test_git_adapter.GitAdapterTests.test_dirty_workspace_cannot_export_delivery) ... ok
test_export_and_verify_delivery_with_resolvable_receipts (test_git_adapter.GitAdapterTests.test_export_and_verify_delivery_with_resolvable_receipts) ... ok
test_fixture_repository_has_stable_pinned_history (test_git_adapter.GitAdapterTests.test_fixture_repository_has_stable_pinned_history) ... ok
test_lower_authority_cannot_write_git_metadata (test_git_adapter.GitAdapterTests.test_lower_authority_cannot_write_git_metadata) ... ok
test_materialize_exact_detached_pin_and_inert_hooks (test_git_adapter.GitAdapterTests.test_materialize_exact_detached_pin_and_inert_hooks) ... ok
test_materialize_excludes_local_codex_bookkeeping_refs (test_git_adapter.GitAdapterTests.test_materialize_excludes_local_codex_bookkeeping_refs) ... ok
test_materialize_ignores_host_global_git_configuration (test_git_adapter.GitAdapterTests.test_materialize_ignores_host_global_git_configuration) ... ok
test_mutable_and_short_pins_are_rejected (test_git_adapter.GitAdapterTests.test_mutable_and_short_pins_are_rejected) ... ok
test_policy_denial_occurs_before_git_spawn (test_git_adapter.GitAdapterTests.test_policy_denial_occurs_before_git_spawn) ... ok
test_preexisting_delivery_root_is_rejected_before_any_write (test_git_adapter.GitAdapterTests.test_preexisting_delivery_root_is_rejected_before_any_write) ... ok
test_repository_urls_are_rejected (test_git_adapter.GitAdapterTests.test_repository_urls_are_rejected) ... ok
test_run_tests_cannot_bypass_typed_git_authority (test_git_adapter.GitAdapterTests.test_run_tests_cannot_bypass_typed_git_authority) ... ok
test_truncated_git_output_fails_closed (test_git_adapter.GitAdapterTests.test_truncated_git_output_fails_closed) ... ok
test_verifier_rejects_escaped_evidence_root (test_git_adapter.GitAdapterTests.test_verifier_rejects_escaped_evidence_root) ... ok
test_write_file_rejects_nonportable_and_escaping_paths (test_git_adapter.GitAdapterTests.test_write_file_rejects_nonportable_and_escaping_paths) ... ok
test_a_branch_name_cannot_smuggle_a_path_into_the_ref_delete (test_github_adapter.ControlledRetractionTests.test_a_branch_name_cannot_smuggle_a_path_into_the_ref_delete) ... ok
test_a_branch_name_cannot_smuggle_a_path_into_the_ref_read (test_github_adapter.ControlledRetractionTests.test_a_branch_name_cannot_smuggle_a_path_into_the_ref_read) ... ok
test_a_branch_ref_read_snapshots_the_head_it_points_at (test_github_adapter.ControlledRetractionTests.test_a_branch_ref_read_snapshots_the_head_it_points_at) ... ok
test_a_branch_ref_read_without_a_full_head_sha_fails_closed (test_github_adapter.ControlledRetractionTests.test_a_branch_ref_read_without_a_full_head_sha_fails_closed) ... ok
test_a_close_response_claiming_integration_fails_closed (test_github_adapter.ControlledRetractionTests.test_a_close_response_claiming_integration_fails_closed) ... ok
test_a_comment_marker_beyond_page_one_is_found_and_not_reposted (test_github_adapter.ControlledRetractionTests.test_a_comment_marker_beyond_page_one_is_found_and_not_reposted) ... ok
test_a_missing_branch_ref_reads_as_absent_not_as_an_error (test_github_adapter.ControlledRetractionTests.test_a_missing_branch_ref_reads_as_absent_not_as_an_error) ... ok
test_a_short_first_comment_page_ends_the_read (test_github_adapter.ControlledRetractionTests.test_a_short_first_comment_page_ends_the_read) ... ok
test_an_unreadable_default_branch_denies_the_delete (test_github_adapter.ControlledRetractionTests.test_an_unreadable_default_branch_denies_the_delete) ... ok
test_close_own_draft_pr_succeeds_and_issues_a_state_only_patch (test_github_adapter.ControlledRetractionTests.test_close_own_draft_pr_succeeds_and_issues_a_state_only_patch) ... ok
test_close_own_pr_receipt_identifies_the_pull_request_and_branch (test_github_adapter.ControlledRetractionTests.test_close_own_pr_receipt_identifies_the_pull_request_and_branch) ... ok
test_close_without_the_grant_action_is_refused_before_any_request (test_github_adapter.ControlledRetractionTests.test_close_without_the_grant_action_is_refused_before_any_request) ... ok
test_closing_a_pull_request_this_pilot_did_not_open_is_refused (test_github_adapter.ControlledRetractionTests.test_closing_a_pull_request_this_pilot_did_not_open_is_refused) ... ok
test_closing_never_reaches_a_pull_request_integration_endpoint (test_github_adapter.ControlledRetractionTests.test_closing_never_reaches_a_pull_request_integration_endpoint) ... ok
test_delete_own_branch_receipt_identifies_the_branch (test_github_adapter.ControlledRetractionTests.test_delete_own_branch_receipt_identifies_the_branch) ... ok
test_delete_own_branch_succeeds_and_issues_one_ref_delete (test_github_adapter.ControlledRetractionTests.test_delete_own_branch_succeeds_and_issues_one_ref_delete) ... ok
test_delete_without_the_grant_action_is_refused_before_any_request (test_github_adapter.ControlledRetractionTests.test_delete_without_the_grant_action_is_refused_before_any_request) ... ok
test_deleting_a_protected_branch_is_refused_before_any_request (test_github_adapter.ControlledRetractionTests.test_deleting_a_protected_branch_is_refused_before_any_request) ... ok
test_deleting_outside_the_grant_prefix_is_refused_before_any_request (test_github_adapter.ControlledRetractionTests.test_deleting_outside_the_grant_prefix_is_refused_before_any_request) ... ok
test_deleting_the_grant_base_branch_is_refused_before_any_request (test_github_adapter.ControlledRetractionTests.test_deleting_the_grant_base_branch_is_refused_before_any_request) ... ok
test_deleting_the_repository_default_branch_is_refused (test_github_adapter.ControlledRetractionTests.test_deleting_the_repository_default_branch_is_refused) ... ok
test_every_r2_grant_is_issued_under_the_anchored_owner_authority (test_github_adapter.ControlledRetractionTests.test_every_r2_grant_is_issued_under_the_anchored_owner_authority)
A5-F6: no grant in this class depends on an anchoring step nobody ran. ... ok
test_find_open_draft_pr_encodes_its_query_parameters (test_github_adapter.ControlledRetractionTests.test_find_open_draft_pr_encodes_its_query_parameters) ... ok
test_retractions_refuse_an_intent_aimed_at_another_repository (test_github_adapter.ControlledRetractionTests.test_retractions_refuse_an_intent_aimed_at_another_repository) ... ok
test_the_delivery_boundary_exposes_the_snapshot_read (test_github_adapter.ControlledRetractionTests.test_the_delivery_boundary_exposes_the_snapshot_read) ... ok
test_a_receipt_temporary_name_never_outgrows_its_final_name (test_github_adapter.GitHubAdapterTests.test_a_receipt_temporary_name_never_outgrows_its_final_name) ... ok
test_a_receipt_written_beyond_max_path_still_validates (test_github_adapter.GitHubAdapterTests.test_a_receipt_written_beyond_max_path_still_validates) ... ok
test_an_interrupted_draft_pr_is_reconciled_not_reissued (test_github_adapter.GitHubAdapterTests.test_an_interrupted_draft_pr_is_reconciled_not_reissued) ... ok
test_an_interrupted_push_is_reconciled_from_the_observed_ref (test_github_adapter.GitHubAdapterTests.test_an_interrupted_push_is_reconciled_from_the_observed_ref) ... ok
test_an_unwitnessed_interrupted_effect_refuses_to_fire_again (test_github_adapter.GitHubAdapterTests.test_an_unwitnessed_interrupted_effect_refuses_to_fire_again) ... ok
test_check_polling_transitions_and_persists_external_receipts (test_github_adapter.GitHubAdapterTests.test_check_polling_transitions_and_persists_external_receipts) ... ok
test_check_polling_waits_for_late_required_check (test_github_adapter.GitHubAdapterTests.test_check_polling_waits_for_late_required_check) ... ok
test_check_timeout_fails_closed_with_failed_observation (test_github_adapter.GitHubAdapterTests.test_check_timeout_fails_closed_with_failed_observation) ... ok
test_code_scanning_run_url_is_receipted (test_github_adapter.GitHubAdapterTests.test_code_scanning_run_url_is_receipted) ... ok
test_default_transport_keeps_tls_chain_and_hostname_validation (test_github_adapter.GitHubAdapterTests.test_default_transport_keeps_tls_chain_and_hostname_validation) ... ok
test_draft_pr_request_and_response_are_head_bound (test_github_adapter.GitHubAdapterTests.test_draft_pr_request_and_response_are_head_bound) ... ok
test_lower_authority_denies_before_push_or_pr (test_github_adapter.GitHubAdapterTests.test_lower_authority_denies_before_push_or_pr) ... ok
test_pr_creation_is_durable_and_idempotent (test_github_adapter.GitHubAdapterTests.test_pr_creation_is_durable_and_idempotent) ... ok
test_protection_match_and_mismatch_are_evidenced (test_github_adapter.GitHubAdapterTests.test_protection_match_and_mismatch_are_evidenced) ... ok
test_raw_write_entry_points_are_quarantined_before_any_io (test_github_adapter.GitHubAdapterTests.test_raw_write_entry_points_are_quarantined_before_any_io) ... ok
test_receipts_are_written_beyond_max_path (test_github_adapter.GitHubAdapterTests.test_receipts_are_written_beyond_max_path) ... ok
test_remote_materialization_is_explicit_and_github_only (test_github_adapter.GitHubAdapterTests.test_remote_materialization_is_explicit_and_github_only) ... ok
test_repository_mission_refuses_legacy_direct_delivery (test_github_adapter.GitHubAdapterTests.test_repository_mission_refuses_legacy_direct_delivery) ... ok
test_ruleset_branch_exclusion_and_malformed_conditions_fail_closed (test_github_adapter.GitHubAdapterTests.test_ruleset_branch_exclusion_and_malformed_conditions_fail_closed) ... ok
test_token_never_persists_or_escapes_errors (test_github_adapter.GitHubAdapterTests.test_token_never_persists_or_escapes_errors) ... ok
test_a_blank_branch_never_falls_back_to_the_workspace_branch (test_github_adapter.WorkspacePushExecutorTests.test_a_blank_branch_never_falls_back_to_the_workspace_branch) ... ok
test_a_missing_credential_propagates_unweakened (test_github_adapter.WorkspacePushExecutorTests.test_a_missing_credential_propagates_unweakened) ... ok
test_controlled_delivery_accepts_the_executor_and_pushes_through_it (test_github_adapter.WorkspacePushExecutorTests.test_controlled_delivery_accepts_the_executor_and_pushes_through_it) ... ok
test_direct_executor_call_is_refused_before_git_runs (test_github_adapter.WorkspacePushExecutorTests.test_direct_executor_call_is_refused_before_git_runs) ... ok
test_executor_matches_the_push_executor_protocol_signature (test_github_adapter.WorkspacePushExecutorTests.test_executor_matches_the_push_executor_protocol_signature) ... ok
test_production_push_host_is_declared_to_the_effect_gateway (test_github_adapter.WorkspacePushExecutorTests.test_production_push_host_is_declared_to_the_effect_gateway) ... ok
test_push_returns_the_committed_head_it_actually_wrote (test_github_adapter.WorkspacePushExecutorTests.test_push_returns_the_committed_head_it_actually_wrote) ... ok
test_returned_head_is_a_lowercase_full_hex_sha (test_github_adapter.WorkspacePushExecutorTests.test_returned_head_is_a_lowercase_full_hex_sha) ... ok
test_unapproved_production_push_host_is_refused_before_git_runs (test_github_adapter.WorkspacePushExecutorTests.test_unapproved_production_push_host_is_refused_before_git_runs) ... ok
test_build_backend_is_exactly_pinned (test_governance.RepositoryGovernanceTests.test_build_backend_is_exactly_pinned) ... ok
test_ci_covers_required_constitutional_checks (test_governance.RepositoryGovernanceTests.test_ci_covers_required_constitutional_checks) ... ok
test_constitutional_files_have_code_owners (test_governance.RepositoryGovernanceTests.test_constitutional_files_have_code_owners) ... ok
test_contributor_material_and_lite_path_are_present (test_governance.RepositoryGovernanceTests.test_contributor_material_and_lite_path_are_present) ... ok
test_every_ci_action_is_pinned_to_a_commit (test_governance.RepositoryGovernanceTests.test_every_ci_action_is_pinned_to_a_commit) ... ok
test_required_rules_bind_remote_verification_evidence (test_governance.RepositoryGovernanceTests.test_required_rules_bind_remote_verification_evidence) ... ok
test_secret_scan_allowlist_is_narrow_and_extends_defaults (test_governance.RepositoryGovernanceTests.test_secret_scan_allowlist_is_narrow_and_extends_defaults) ... ok
test_all_in_one_is_reproducible_from_canonical_modules (test_governed_sources.GovernedSourceTests.test_all_in_one_is_reproducible_from_canonical_modules) ... ok
test_extra_missing_and_modified_snapshot_bytes_fail (test_governed_sources.GovernedSourceTests.test_extra_missing_and_modified_snapshot_bytes_fail) ... ok
test_governance_metadata_mutations_fail_even_when_redigested (test_governed_sources.GovernedSourceTests.test_governance_metadata_mutations_fail_even_when_redigested) ... ok
test_images_are_non_independent_and_chain_of_custody_is_explicit (test_governed_sources.GovernedSourceTests.test_images_are_non_independent_and_chain_of_custody_is_explicit) ... ok
test_original_stale_manifest_is_preserved_but_superseded (test_governed_sources.GovernedSourceTests.test_original_stale_manifest_is_preserved_but_superseded) ... ok
test_sibling_pack_snapshot_inventories_every_byte (test_governed_sources.GovernedSourceTests.test_sibling_pack_snapshot_inventories_every_byte) ... ok
test_architect_produces_complete_deterministic_handoff (test_hive_cortex_architect.ArchitectureArtifactTests.test_architect_produces_complete_deterministic_handoff) ... ok
test_rejects_missing_mandatory_risk_and_recovery_details (test_hive_cortex_architect.ArchitectureArtifactTests.test_rejects_missing_mandatory_risk_and_recovery_details) ... ok
test_rejects_selected_option_outside_the_comparison (test_hive_cortex_architect.ArchitectureArtifactTests.test_rejects_selected_option_outside_the_comparison) ... ok
test_requires_exact_design_and_verification_acceptance_coverage (test_hive_cortex_architect.ArchitectureArtifactTests.test_requires_exact_design_and_verification_acceptance_coverage) ... ok
test_requires_explicit_competing_options_and_tradeoffs (test_hive_cortex_architect.ArchitectureArtifactTests.test_requires_explicit_competing_options_and_tradeoffs) ... ok
test_checker_timeout_records_failure_and_retains_the_attempt (test_hive_cortex_benchmark.BenchmarkEdgeCaseTests.test_checker_timeout_records_failure_and_retains_the_attempt) ... ok
test_duplicate_lane_identities_are_rejected (test_hive_cortex_benchmark.BenchmarkEdgeCaseTests.test_duplicate_lane_identities_are_rejected) ... ok
test_empty_scenario_registry_is_rejected (test_hive_cortex_benchmark.BenchmarkEdgeCaseTests.test_empty_scenario_registry_is_rejected) ... ok
test_missing_fixture_directory_is_rejected (test_hive_cortex_benchmark.BenchmarkEdgeCaseTests.test_missing_fixture_directory_is_rejected) ... ok
test_non_positive_repetitions_is_rejected (test_hive_cortex_benchmark.BenchmarkEdgeCaseTests.test_non_positive_repetitions_is_rejected) ... ok
test_wrong_lane_identity_marks_the_attempt_failed (test_hive_cortex_benchmark.BenchmarkEdgeCaseTests.test_wrong_lane_identity_marks_the_attempt_failed) ... ok
test_zero_required_roles_is_rejected_at_load_time (test_hive_cortex_benchmark.BenchmarkEdgeCaseTests.test_zero_required_roles_is_rejected_at_load_time) ... ok
test_failed_attempts_are_retained_with_same_artifacts (test_hive_cortex_benchmark.BenchmarkHarnessTests.test_failed_attempts_are_retained_with_same_artifacts) ... ok
test_recovery_drill_resumes_from_checkpoint (test_hive_cortex_benchmark.BenchmarkHarnessTests.test_recovery_drill_resumes_from_checkpoint) ... ok
test_run_directory_is_append_only (test_hive_cortex_benchmark.BenchmarkHarnessTests.test_run_directory_is_append_only) ... ok
test_run_reports_all_seven_metric_dimensions (test_hive_cortex_benchmark.BenchmarkHarnessTests.test_run_reports_all_seven_metric_dimensions) ... ok
test_same_seed_reproduces_results_digest (test_hive_cortex_benchmark.BenchmarkHarnessTests.test_same_seed_reproduces_results_digest) ... ok
test_scenarios_cover_all_four_fixtures (test_hive_cortex_benchmark.BenchmarkHarnessTests.test_scenarios_cover_all_four_fixtures) ... ok
test_statistics_use_seeded_bootstrap_interval (test_hive_cortex_benchmark.BenchmarkHarnessTests.test_statistics_use_seeded_bootstrap_interval) ... ok
test_court_verdict_pins_lane_identities_and_judge_independence (test_hive_cortex_benchmark.ComparatorProvenanceTests.test_court_verdict_pins_lane_identities_and_judge_independence) ... ok
test_pinned_without_license_is_rejected (test_hive_cortex_benchmark.ComparatorProvenanceTests.test_pinned_without_license_is_rejected) ... ok
test_registry_entries_are_pinned_or_marked_unavailable (test_hive_cortex_benchmark.ComparatorProvenanceTests.test_registry_entries_are_pinned_or_marked_unavailable) ... ok
test_unavailable_without_reason_is_rejected (test_hive_cortex_benchmark.ComparatorProvenanceTests.test_unavailable_without_reason_is_rejected) ... ok
test_guard_flags_superiority_phrasing (test_hive_cortex_benchmark.SuperiorityClaimGuardTests.test_guard_flags_superiority_phrasing) ... ok
test_guard_requires_disclaimer_line (test_hive_cortex_benchmark.SuperiorityClaimGuardTests.test_guard_requires_disclaimer_line) ... ok
test_non_measurement_disposition_raises_superiority_claim_error (test_hive_cortex_benchmark.SuperiorityClaimGuardTests.test_non_measurement_disposition_raises_superiority_claim_error) ... ok
test_repo_docs_scan_stays_clean (test_hive_cortex_benchmark.SuperiorityClaimGuardTests.test_repo_docs_scan_stays_clean) ... ok
test_results_document_passes_guard (test_hive_cortex_benchmark.SuperiorityClaimGuardTests.test_results_document_passes_guard) ... ok
test_branch_and_commit_actions_stay_in_the_isolated_workspace (test_hive_cortex_builder.HiveCortexBuilderTests.test_branch_and_commit_actions_stay_in_the_isolated_workspace) ... ok
test_builder_action_tests_use_typed_effects_and_receipts (test_hive_cortex_builder.HiveCortexBuilderTests.test_builder_action_tests_use_typed_effects_and_receipts) ... ok
test_builder_submits_intents_sealed_over_their_own_fields (test_hive_cortex_builder.HiveCortexBuilderTests.test_builder_submits_intents_sealed_over_their_own_fields)
A4-D5: the digest a Builder intent carries is the seal of its fields. ... ok
test_command_profiles_reject_path_escape (test_hive_cortex_builder.HiveCortexBuilderTests.test_command_profiles_reject_path_escape) ... ok
test_command_result_is_digest_only_evidence (test_hive_cortex_builder.HiveCortexBuilderTests.test_command_result_is_digest_only_evidence) ... ok
test_commit_accepts_only_exact_complete_declared_change_set (test_hive_cortex_builder.HiveCortexBuilderTests.test_commit_accepts_only_exact_complete_declared_change_set) ... ok
test_commit_rejects_target_branch_mismatch_and_detached_head (test_hive_cortex_builder.HiveCortexBuilderTests.test_commit_rejects_target_branch_mismatch_and_detached_head) ... ok
test_commit_rejects_undeclared_tracked_staged_and_untracked_changes (test_hive_cortex_builder.HiveCortexBuilderTests.test_commit_rejects_undeclared_tracked_staged_and_untracked_changes) ... ok
test_external_profile_receives_only_narrow_workspace_local_environment (test_hive_cortex_builder.HiveCortexBuilderTests.test_external_profile_receives_only_narrow_workspace_local_environment) ... ok
test_git_diff_check_profile_runs_only_the_fixed_validation_command (test_hive_cortex_builder.HiveCortexBuilderTests.test_git_diff_check_profile_runs_only_the_fixed_validation_command) ... ok
test_isolation_tests_reject_path_and_token_escape (test_hive_cortex_builder.HiveCortexBuilderTests.test_isolation_tests_reject_path_and_token_escape) ... ok
test_iterative_repair_tests_keep_failed_test_evidence_then_repair (test_hive_cortex_builder.HiveCortexBuilderTests.test_iterative_repair_tests_keep_failed_test_evidence_then_repair) ... ok
test_python_powershell_and_shell_escape_profiles_fail_before_execution (test_hive_cortex_builder.HiveCortexBuilderTests.test_python_powershell_and_shell_escape_profiles_fail_before_execution) ... ok
test_sealed_acceptance_denial_tests_fail_before_effect_execution (test_hive_cortex_builder.HiveCortexBuilderTests.test_sealed_acceptance_denial_tests_fail_before_effect_execution) ... ok
test_duplicate_tags_collapse_to_one_challenger (test_hive_cortex_challengers.ChallengerGenerationTests.test_duplicate_tags_collapse_to_one_challenger) ... ok
test_empty_lessons_and_invalid_lesson_fields (test_hive_cortex_challengers.ChallengerGenerationTests.test_empty_lessons_and_invalid_lesson_fields) ... ok
test_generation_is_deterministic_across_repeats (test_hive_cortex_challengers.ChallengerGenerationTests.test_generation_is_deterministic_across_repeats) ... ok
test_mapping_lessons_adapt_via_lesson_from_document (test_hive_cortex_challengers.ChallengerGenerationTests.test_mapping_lessons_adapt_via_lesson_from_document) ... ok
test_missing_champion_yields_rejection_not_parentless_challenger (test_hive_cortex_challengers.ChallengerGenerationTests.test_missing_champion_yields_rejection_not_parentless_challenger) ... ok
test_planner_policy_retrieval_tool_surfaces_generate_specs (test_hive_cortex_challengers.ChallengerGenerationTests.test_planner_policy_retrieval_tool_surfaces_generate_specs) ... ok
test_prompt_challenger_binds_champion_hypothesis_scope_rollback_provenance (test_hive_cortex_challengers.ChallengerGenerationTests.test_prompt_challenger_binds_champion_hypothesis_scope_rollback_provenance) ... ok
test_rejections_preserve_lesson_order (test_hive_cortex_challengers.ChallengerGenerationTests.test_rejections_preserve_lesson_order) ... ok
test_to_experiment_candidate_round_trips_fields (test_hive_cortex_challengers.ChallengerGenerationTests.test_to_experiment_candidate_round_trips_fields) ... ok
test_generate_leaves_champion_digest_and_artifact_bytes_unchanged (test_hive_cortex_challengers.ChampionImmutabilityTests.test_generate_leaves_champion_digest_and_artifact_bytes_unchanged) ... ok
test_module_source_has_no_champion_pointer_call_sites (test_hive_cortex_challengers.ChampionImmutabilityTests.test_module_source_has_no_champion_pointer_call_sites) ... ok
test_registered_challenger_is_content_addressed_not_promoted (test_hive_cortex_challengers.ChampionImmutabilityTests.test_registered_challenger_is_content_addressed_not_promoted) ... ok
test_spec_aliasing_champion_raises_champion_mutation_error (test_hive_cortex_challengers.ChampionImmutabilityTests.test_spec_aliasing_champion_raises_champion_mutation_error) ... ok
test_specs_are_frozen (test_hive_cortex_challengers.ChampionImmutabilityTests.test_specs_are_frozen) ... ok
test_error_class_matching_forbidden_behavior_is_rejected (test_hive_cortex_challengers.ScopeDenialTests.test_error_class_matching_forbidden_behavior_is_rejected) ... ok
test_forbidden_class_lessons_are_rejected_with_class_named (test_hive_cortex_challengers.ScopeDenialTests.test_forbidden_class_lessons_are_rejected_with_class_named) ... ok
test_forbidden_classes_mirror_recursive_improvement_contract (test_hive_cortex_challengers.ScopeDenialTests.test_forbidden_classes_mirror_recursive_improvement_contract) ... ok
test_unaccepted_lesson_status_rejected (test_hive_cortex_challengers.ScopeDenialTests.test_unaccepted_lesson_status_rejected) ... ok
test_unknown_applicability_tag_rejected_without_challenger (test_hive_cortex_challengers.ScopeDenialTests.test_unknown_applicability_tag_rejected_without_challenger) ... ok
test_canonical_record_chains_previous_digest (test_hive_cortex_cli_migration.CanonicalIngressRecordTests.test_canonical_record_chains_previous_digest) ... ok
test_canonical_record_rejects_a_job_without_a_legacy_mission_id (test_hive_cortex_cli_migration.CanonicalIngressRecordTests.test_canonical_record_rejects_a_job_without_a_legacy_mission_id) ... ok
test_new_enqueue_defaults_to_canonical_runtime (test_hive_cortex_cli_migration.CliRoutingTests.test_new_enqueue_defaults_to_canonical_runtime) ... ok
test_parser_defaults_compatibility_mode_to_canonical (test_hive_cortex_cli_migration.CliRoutingTests.test_parser_defaults_compatibility_mode_to_canonical) ... ok
test_status_identifies_actual_runtime (test_hive_cortex_cli_migration.CliRoutingTests.test_status_identifies_actual_runtime) ... ok
test_status_reports_unknown_runtime_for_a_foreign_job_kind (test_hive_cortex_cli_migration.CliRoutingTests.test_status_reports_unknown_runtime_for_a_foreign_job_kind) ... ok
test_worker_routes_canonical_kind_to_canonical_executor (test_hive_cortex_cli_migration.CliRoutingTests.test_worker_routes_canonical_kind_to_canonical_executor) ... ok
test_kernel_v1_mode_retains_legacy_execution_and_kernel_record (test_hive_cortex_cli_migration.LegacyRollbackTests.test_kernel_v1_mode_retains_legacy_execution_and_kernel_record) ... ok
test_legacy_job_still_executes_end_to_end (test_hive_cortex_cli_migration.LegacyRollbackTests.test_legacy_job_still_executes_end_to_end) ... C:\Users\beesp\.codex\worktrees\b7eb\hive-mind-os\src\hive_mind_os\workers.py:255: DeprecationWarning: hive_mind_os.workers.execute_mission_job is a retired legacy runtime surface (LEGACY-620); the canonical owner is hive_mind_os.brain_kernel.mission_runtime; rollback tag legacy-620-rollback
  return execute_mission_job(job, state_dir)
<frozen importlib._bootstrap_external>:956: ResourceWarning: unclosed database in <sqlite3.Connection object at 0x000001FAE566BF10>
ResourceWarning: Enable tracemalloc to get the object allocation traceback
<frozen importlib._bootstrap_external>:956: ResourceWarning: unclosed database in <sqlite3.Connection object at 0x000001FAE54C06D0>
ResourceWarning: Enable tracemalloc to get the object allocation traceback
C:\Python314\Lib\json\decoder.py:361: ResourceWarning: unclosed database in <sqlite3.Connection object at 0x000001FAE5436E30>
  obj, end = self.scan_once(s, idx)
ResourceWarning: Enable tracemalloc to get the object allocation traceback
ok
test_legacy_mode_writes_no_kernel_record (test_hive_cortex_cli_migration.LegacyRollbackTests.test_legacy_mode_writes_no_kernel_record) ... ok
test_unknown_mode_is_rejected (test_hive_cortex_cli_migration.LegacyRollbackTests.test_unknown_mode_is_rejected) ... ok
test_canonical_request_never_reaches_legacy_mission_store (test_hive_cortex_cli_migration.NoDualAuthorityTests.test_canonical_request_never_reaches_legacy_mission_store) ... ok
test_default_canonical_invoker_fails_closed_without_a_bindings_provider (test_hive_cortex_cli_migration.NoDualAuthorityTests.test_default_canonical_invoker_fails_closed_without_a_bindings_provider) ... ok
test_default_canonical_invoker_runs_the_kernel_mission_runtime (test_hive_cortex_cli_migration.NoDualAuthorityTests.test_default_canonical_invoker_runs_the_kernel_mission_runtime) ... ok
test_duplicate_enqueue_is_deduplicated_single_job (test_hive_cortex_cli_migration.NoDualAuthorityTests.test_duplicate_enqueue_is_deduplicated_single_job) ... ok
test_legacy_request_never_invokes_canonical_runtime (test_hive_cortex_cli_migration.NoDualAuthorityTests.test_legacy_request_never_invokes_canonical_runtime) ... ok
test_missing_canonical_runtime_fails_closed_not_fallback (test_hive_cortex_cli_migration.NoDualAuthorityTests.test_missing_canonical_runtime_fails_closed_not_fallback) ... ok
test_unknown_job_kind_fails_closed (test_hive_cortex_cli_migration.NoDualAuthorityTests.test_unknown_job_kind_fails_closed) ... ok
test_compatibility_adapter_tests (test_hive_cortex_compatibility.HiveCortexCompatibilityTests.test_compatibility_adapter_tests) ... ok
test_no_dual_write_tests (test_hive_cortex_compatibility.HiveCortexCompatibilityTests.test_no_dual_write_tests) ... ok
test_parity_rejects_authority_effects (test_hive_cortex_compatibility.HiveCortexCompatibilityTests.test_parity_rejects_authority_effects) ... ok
test_rollback_routing_tests (test_hive_cortex_compatibility.HiveCortexCompatibilityTests.test_rollback_routing_tests) ... ok
test_anti_cheating_tests (test_hive_cortex_consultation.HiveCortexConsultationTests.test_anti_cheating_tests) ... ok
test_consultation_loop_tests (test_hive_cortex_consultation.HiveCortexConsultationTests.test_consultation_loop_tests) ... ok
test_fake_human_escalation_tests (test_hive_cortex_consultation.HiveCortexConsultationTests.test_fake_human_escalation_tests) ... ok
test_human_escalation_requires_two_roles (test_hive_cortex_consultation.HiveCortexConsultationTests.test_human_escalation_requires_two_roles) ... ok
test_role_first_resolution_tests (test_hive_cortex_consultation.HiveCortexConsultationTests.test_role_first_resolution_tests) ... ok
test_schema_fixtures_round_trip (test_hive_cortex_consultation.HiveCortexConsultationTests.test_schema_fixtures_round_trip) ... ok
test_context_manifest_tests_bind_provenance_and_access_metadata (test_hive_cortex_context.HiveCortexContextTests.test_context_manifest_tests_bind_provenance_and_access_metadata) ... ok
test_future_leakage_tests_keep_target_and_future_commits_hidden (test_hive_cortex_context.HiveCortexContextTests.test_future_leakage_tests_keep_target_and_future_commits_hidden) ... ok
test_memory_poisoning_fixtures_are_rejected_and_lifecycle_is_append_only (test_hive_cortex_context.HiveCortexContextTests.test_memory_poisoning_fixtures_are_rejected_and_lifecycle_is_append_only) ... ok
test_sensitivity_scope_tests_and_curator_isolation_exclude_builder_scratchpad (test_hive_cortex_context.HiveCortexContextTests.test_sensitivity_scope_tests_and_curator_isolation_exclude_builder_scratchpad) ... ok
test_catalog_is_complete_and_fail_closed (test_hive_cortex_contracts.HiveCortexContractCompatibilityTests.test_catalog_is_complete_and_fail_closed) ... ok
test_typed_contract_is_frozen_and_canonical (test_hive_cortex_contracts.HiveCortexContractCompatibilityTests.test_typed_contract_is_frozen_and_canonical) ... ok
test_court_identity_separation_tests (test_hive_cortex_court.HiveCortexCourtTests.test_court_identity_separation_tests) ... ok
test_dissent_retention_tests (test_hive_cortex_court.HiveCortexCourtTests.test_dissent_retention_tests) ... ok
test_friendly_reviewer_attack_tests (test_hive_cortex_court.HiveCortexCourtTests.test_friendly_reviewer_attack_tests) ... ok
test_acceptance_seals_before_candidate_access_and_binds_exact_identity (test_hive_cortex_curator.CuratorRuntimeTests.test_acceptance_seals_before_candidate_access_and_binds_exact_identity) ... ok
test_candidate_mutation_is_quarantined (test_hive_cortex_curator.CuratorRuntimeTests.test_candidate_mutation_is_quarantined) ... ok
test_curator_rejects_builder_scratchpad_and_identity_mismatch (test_hive_cortex_curator.CuratorRuntimeTests.test_curator_rejects_builder_scratchpad_and_identity_mismatch) ... ok
test_empty_commit_metadata_mutation_is_quarantined (test_hive_cortex_curator.CuratorRuntimeTests.test_empty_commit_metadata_mutation_is_quarantined) ... ok
test_failed_sealed_checks_remand_or_reject_without_test_weakening (test_hive_cortex_curator.CuratorRuntimeTests.test_failed_sealed_checks_remand_or_reject_without_test_weakening) ... ok
test_fake_inherited_path_cannot_replace_trusted_git (test_hive_cortex_curator.CuratorRuntimeTests.test_fake_inherited_path_cannot_replace_trusted_git) ... ok
test_index_mutation_is_quarantined (test_hive_cortex_curator.CuratorRuntimeTests.test_index_mutation_is_quarantined) ... ok
test_ref_mutation_is_quarantined (test_hive_cortex_curator.CuratorRuntimeTests.test_ref_mutation_is_quarantined) ... ok
test_a_self_issued_grant_can_no_longer_be_cut_or_used (test_hive_cortex_delivery.AnchoredIssuanceTests.test_a_self_issued_grant_can_no_longer_be_cut_or_used) ... ok
test_the_delivery_grant_is_issued_under_the_anchored_owner_authority (test_hive_cortex_delivery.AnchoredIssuanceTests.test_the_delivery_grant_is_issued_under_the_anchored_owner_authority) ... ok
test_comment_posts_with_marker (test_hive_cortex_delivery.DeliveryAdapterTests.test_comment_posts_with_marker) ... ok
test_draft_pr_creates_when_absent_and_reports_identifiers (test_hive_cortex_delivery.DeliveryAdapterTests.test_draft_pr_creates_when_absent_and_reports_identifiers) ... ok
test_draft_pr_response_without_number_is_rejected (test_hive_cortex_delivery.DeliveryAdapterTests.test_draft_pr_response_without_number_is_rejected) ... ok
test_grant_tamper_is_rejected (test_hive_cortex_delivery.DeliveryAdapterTests.test_grant_tamper_is_rejected) ... ok
test_invalid_head_sha_from_push_executor_is_rejected (test_hive_cortex_delivery.DeliveryAdapterTests.test_invalid_head_sha_from_push_executor_is_rejected) ... ok
test_missing_token_environment_denies_before_transport_call (test_hive_cortex_delivery.DeliveryAdapterTests.test_missing_token_environment_denies_before_transport_call) ... ok
test_push_executes_through_gateway_and_records_receipt (test_hive_cortex_delivery.DeliveryAdapterTests.test_push_executes_through_gateway_and_records_receipt) ... ok
test_unbound_parameters_fail_closed_without_remote_call (test_hive_cortex_delivery.DeliveryAdapterTests.test_unbound_parameters_fail_closed_without_remote_call) ... ok
test_comment_with_existing_marker_is_not_reposted (test_hive_cortex_delivery.DuplicatePrCommentTests.test_comment_with_existing_marker_is_not_reposted) ... ok
test_existing_open_draft_pr_is_reused_not_recreated (test_hive_cortex_delivery.DuplicatePrCommentTests.test_existing_open_draft_pr_is_reused_not_recreated) ... ok
test_fresh_intent_new_key_posts_again (test_hive_cortex_delivery.DuplicatePrCommentTests.test_fresh_intent_new_key_posts_again) ... ok
test_same_intent_twice_returns_prior_receipt_without_second_remote_call (test_hive_cortex_delivery.DuplicatePrCommentTests.test_same_intent_twice_returns_prior_receipt_without_second_remote_call) ... ok
test_an_envelope_that_does_not_allow_the_api_host_refuses_delivery (test_hive_cortex_delivery.NetworkAllowlistTests.test_an_envelope_that_does_not_allow_the_api_host_refuses_delivery) ... ok
test_delivery_adapters_declare_the_host_they_reach (test_hive_cortex_delivery.NetworkAllowlistTests.test_delivery_adapters_declare_the_host_they_reach) ... ok
test_action_not_granted_is_denied (test_hive_cortex_delivery.ProtectedBranchDenialTests.test_action_not_granted_is_denied) ... ok
test_durable_path_denial_is_fail_closed (test_hive_cortex_delivery.ProtectedBranchDenialTests.test_durable_path_denial_is_fail_closed) ... ok
test_merge_is_not_a_grantable_action (test_hive_cortex_delivery.ProtectedBranchDenialTests.test_merge_is_not_a_grantable_action) ... ok
test_no_merge_surface_exists (test_hive_cortex_delivery.ProtectedBranchDenialTests.test_no_merge_surface_exists) ... ok
test_push_outside_grant_prefix_is_denied (test_hive_cortex_delivery.ProtectedBranchDenialTests.test_push_outside_grant_prefix_is_denied) ... ok
test_push_to_base_branch_is_denied (test_hive_cortex_delivery.ProtectedBranchDenialTests.test_push_to_base_branch_is_denied) ... ok
test_push_to_each_protected_branch_is_denied (test_hive_cortex_delivery.ProtectedBranchDenialTests.test_push_to_each_protected_branch_is_denied) ... ok
test_a_directly_constructed_outbox_still_consults_the_registry (test_hive_cortex_durability.CrashMatrixTests.test_a_directly_constructed_outbox_still_consults_the_registry)
BIND-1030: constructing the outbox by hand does not skip the boundary. ... ok
test_a_reconciliation_witness_is_checked_against_the_registry (test_hive_cortex_durability.CrashMatrixTests.test_a_reconciliation_witness_is_checked_against_the_registry)
BIND-1030: ``reconcile`` adopts a receipt only for an issued token. ... ok
test_crash_before_adapter_run_resumes_and_delivers_exactly_once (test_hive_cortex_durability.CrashMatrixTests.test_crash_before_adapter_run_resumes_and_delivers_exactly_once) ... ok
test_crash_between_receipt_and_ack_is_idempotent (test_hive_cortex_durability.CrashMatrixTests.test_crash_between_receipt_and_ack_is_idempotent) ... ok
test_crash_during_execution_is_quarantined_not_retried (test_hive_cortex_durability.CrashMatrixTests.test_crash_during_execution_is_quarantined_not_retried) ... ok
test_event_append_crash_leaves_no_partial_state (test_hive_cortex_durability.CrashMatrixTests.test_event_append_crash_leaves_no_partial_state) ... ok
test_role_result_idempotency_key_prevents_duplicate_acceptance (test_hive_cortex_durability.CrashMatrixTests.test_role_result_idempotency_key_prevents_duplicate_acceptance) ... ok
test_dead_letter_after_exhausted_crashes (test_hive_cortex_durability.LeaseRecoveryTests.test_dead_letter_after_exhausted_crashes) ... ok
test_kernel_worker_crash_mid_job_lapses_lock_and_is_reclaimable (test_hive_cortex_durability.LeaseRecoveryTests.test_kernel_worker_crash_mid_job_lapses_lock_and_is_reclaimable) ... ok
test_kernel_worker_success_records_awaiting_verification_trail (test_hive_cortex_durability.LeaseRecoveryTests.test_kernel_worker_success_records_awaiting_verification_trail) ... ok
test_scheduler_restart_preserves_lease_and_job_state (test_hive_cortex_durability.LeaseRecoveryTests.test_scheduler_restart_preserves_lease_and_job_state) ... ok
test_stale_scope_lock_expires_by_ttl (test_hive_cortex_durability.LeaseRecoveryTests.test_stale_scope_lock_expires_by_ttl) ... ok
test_worker_crash_releases_lease_after_expiry_and_second_worker_resumes (test_hive_cortex_durability.LeaseRecoveryTests.test_worker_crash_releases_lease_after_expiry_and_second_worker_resumes) ... ok
test_builder_effect_is_not_redelivered_after_restart (test_hive_cortex_durability.MissionRuntimeReplayTests.test_builder_effect_is_not_redelivered_after_restart) ... ok
test_completed_mission_reopens_from_append_only_state (test_hive_cortex_durability.MissionRuntimeReplayTests.test_completed_mission_reopens_from_append_only_state) ... ok
test_reopened_replay_is_deterministic (test_hive_cortex_durability.MissionRuntimeReplayTests.test_reopened_replay_is_deterministic) ... ok
test_resume_replay_appends_no_duplicate_events (test_hive_cortex_durability.MissionRuntimeReplayTests.test_resume_replay_appends_no_duplicate_events) ... ok
test_corrupt_event_chain_is_quarantined_at_open (test_hive_cortex_durability.SnapshotCorruptionTests.test_corrupt_event_chain_is_quarantined_at_open) ... ok
test_corrupt_snapshot_after_restart_is_rebuilt_from_events (test_hive_cortex_durability.SnapshotCorruptionTests.test_corrupt_snapshot_after_restart_is_rebuilt_from_events) ... ok
test_paired_snapshot_tamper_survives_restart (test_hive_cortex_durability.SnapshotCorruptionTests.test_paired_snapshot_tamper_survives_restart) ... ok
test_read_only_open_never_mutates (test_hive_cortex_durability.SnapshotCorruptionTests.test_read_only_open_never_mutates) ... ok
test_durable_gateway_refuses_a_forged_token_before_it_is_recorded (test_hive_cortex_effects.EffectBoundaryTests.test_durable_gateway_refuses_a_forged_token_before_it_is_recorded) ... ok
test_effect_reaching_a_host_outside_the_allowlist_is_refused (test_hive_cortex_effects.EffectBoundaryTests.test_effect_reaching_a_host_outside_the_allowlist_is_refused) ... ok
test_expired_envelope_is_refused_after_a_legitimate_issue (test_hive_cortex_effects.EffectBoundaryTests.test_expired_envelope_is_refused_after_a_legitimate_issue) ... ok
test_gateway_without_an_authority_refuses_even_issued_work (test_hive_cortex_effects.EffectBoundaryTests.test_gateway_without_an_authority_refuses_even_issued_work)
A registry-less compatibility object may never spend a capability. ... ok
test_hand_built_token_for_an_unissued_envelope_is_refused (test_hive_cortex_effects.EffectBoundaryTests.test_hand_built_token_for_an_unissued_envelope_is_refused) ... ok
test_intent_digest_that_does_not_seal_its_fields_is_refused (test_hive_cortex_effects.EffectBoundaryTests.test_intent_digest_that_does_not_seal_its_fields_is_refused) ... ok
test_network_effect_requires_an_authority_bound_gateway (test_hive_cortex_effects.EffectBoundaryTests.test_network_effect_requires_an_authority_bound_gateway) ... ok
test_revoked_envelope_is_refused_after_a_legitimate_issue (test_hive_cortex_effects.EffectBoundaryTests.test_revoked_envelope_is_refused_after_a_legitimate_issue) ... ok
test_token_outside_the_envelope_scope_is_refused (test_hive_cortex_effects.EffectBoundaryTests.test_token_outside_the_envelope_scope_is_refused) ... ok
test_authority_and_token_tampering_fail_closed (test_hive_cortex_effects.EffectOutboxTests.test_authority_and_token_tampering_fail_closed) ... ok
test_crash_window_becomes_reconciliation_and_is_repairable (test_hive_cortex_effects.EffectOutboxTests.test_crash_window_becomes_reconciliation_and_is_repairable) ... ok
test_duplicate_delivery_returns_prior_receipt_after_restart (test_hive_cortex_effects.EffectOutboxTests.test_duplicate_delivery_returns_prior_receipt_after_restart) ... ok
test_intent_is_durable_before_adapter_runs (test_hive_cortex_effects.EffectOutboxTests.test_intent_is_durable_before_adapter_runs) ... ok
test_registry_less_outbox_refuses_every_effect_entry_point (test_hive_cortex_effects.EffectOutboxTests.test_registry_less_outbox_refuses_every_effect_entry_point)
A durable compatibility object cannot spend a still-genuine token. ... ok
test_a_token_no_registry_issued_cannot_be_constructed (test_hive_cortex_effects.IssuanceWitnessTests.test_a_token_no_registry_issued_cannot_be_constructed) ... ok
test_an_issued_token_carries_a_witness_bound_to_its_own_fields (test_hive_cortex_effects.IssuanceWitnessTests.test_an_issued_token_carries_a_witness_bound_to_its_own_fields) ... ok
test_the_registry_publishes_the_envelope_behind_a_digest (test_hive_cortex_effects.IssuanceWitnessTests.test_the_registry_publishes_the_envelope_behind_a_digest) ... ok
test_discard_when_candidate_materially_underperforms (test_hive_cortex_evaluation.HeldOutEvaluationTests.test_discard_when_candidate_materially_underperforms) ... ok
test_evaluator_must_differ_from_proposer_and_builder (test_hive_cortex_evaluation.HeldOutEvaluationTests.test_evaluator_must_differ_from_proposer_and_builder) ... ok
test_keep_when_effect_beats_noise_floor (test_hive_cortex_evaluation.HeldOutEvaluationTests.test_keep_when_effect_beats_noise_floor) ... ok
test_record_is_retained_append_only (test_hive_cortex_evaluation.HeldOutEvaluationTests.test_record_is_retained_append_only) ... ok
test_retest_when_a_surface_kind_is_missing (test_hive_cortex_evaluation.HeldOutEvaluationTests.test_retest_when_a_surface_kind_is_missing) ... ok
test_digest_mismatch_quarantines (test_hive_cortex_evaluation.MissingArtifactQuarantineTests.test_digest_mismatch_quarantines) ... ok
test_empty_artifact_refs_quarantine (test_hive_cortex_evaluation.MissingArtifactQuarantineTests.test_empty_artifact_refs_quarantine) ... ok
test_missing_artifact_file_quarantines_not_retests (test_hive_cortex_evaluation.MissingArtifactQuarantineTests.test_missing_artifact_file_quarantines_not_retests) ... ok
test_quarantine_record_is_still_retained (test_hive_cortex_evaluation.MissingArtifactQuarantineTests.test_quarantine_record_is_still_retained) ... ok
test_hard_guardrail_regression_discards_and_retains_losing_evidence (test_hive_cortex_evaluation.NoiseFloorTests.test_hard_guardrail_regression_discards_and_retains_losing_evidence) ... ok
test_insufficient_repetitions_retest (test_hive_cortex_evaluation.NoiseFloorTests.test_insufficient_repetitions_retest) ... ok
test_minimum_effect_dominates_when_noise_is_zero (test_hive_cortex_evaluation.NoiseFloorTests.test_minimum_effect_dominates_when_noise_is_zero) ... ok
test_retest_when_improvement_is_within_noise (test_hive_cortex_evaluation.NoiseFloorTests.test_retest_when_improvement_is_within_noise) ... ok
test_case_payloads_are_invisible_until_reveal (test_hive_cortex_evaluation.PITLeakageTests.test_case_payloads_are_invisible_until_reveal) ... ok
test_foreign_seal_digest_is_rejected (test_hive_cortex_evaluation.PITLeakageTests.test_foreign_seal_digest_is_rejected) ... ok
test_reveal_before_seal_raises_and_quarantines (test_hive_cortex_evaluation.PITLeakageTests.test_reveal_before_seal_raises_and_quarantines) ... ok
test_second_seal_is_refused (test_hive_cortex_evaluation.PITLeakageTests.test_second_seal_is_refused) ... ok
test_explorer_can_read_history_and_discover_tests_through_receipts (test_hive_cortex_explorer.HiveCortexExplorerTests.test_explorer_can_read_history_and_discover_tests_through_receipts) ... ok
test_explorer_rejects_path_escape_and_has_no_generic_command_runner (test_hive_cortex_explorer.HiveCortexExplorerTests.test_explorer_rejects_path_escape_and_has_no_generic_command_runner) ... ok
test_fake_git_path_entry_is_not_invoked (test_hive_cortex_explorer.HiveCortexExplorerTests.test_fake_git_path_entry_is_not_invoked) ... ok
test_observations_keep_worktree_head_index_and_refs_unchanged (test_hive_cortex_explorer.HiveCortexExplorerTests.test_observations_keep_worktree_head_index_and_refs_unchanged) ... ok
test_source_intake_retains_provenance_without_admission_or_approval (test_hive_cortex_explorer.HiveCortexExplorerTests.test_source_intake_retains_provenance_without_admission_or_approval) ... ok
test_strict_git_grammar_rejects_option_injection_before_spawn_without_mutation (test_hive_cortex_explorer.HiveCortexExplorerTests.test_strict_git_grammar_rejects_option_injection_before_spawn_without_mutation) ... ok
test_trace_environment_is_rejected_without_writing_a_trace_file (test_hive_cortex_explorer.HiveCortexExplorerTests.test_trace_environment_is_rejected_without_writing_a_trace_file) ... ok
test_breaking_version_is_explicit_and_becomes_builder_remand (test_hive_cortex_integrator.HiveCortexIntegratorTests.test_breaking_version_is_explicit_and_becomes_builder_remand) ... ok
test_contract_and_lineage_compatibility_is_deterministic (test_hive_cortex_integrator.HiveCortexIntegratorTests.test_contract_and_lineage_compatibility_is_deterministic) ... ok
test_lineage_gap_and_non_preserving_adapter_cannot_be_concealed (test_hive_cortex_integrator.HiveCortexIntegratorTests.test_lineage_gap_and_non_preserving_adapter_cannot_be_concealed) ... ok
test_malformed_lineage_and_incompatible_report_are_rejected (test_hive_cortex_integrator.HiveCortexIntegratorTests.test_malformed_lineage_and_incompatible_report_are_rejected) ... ok
test_wrong_adapter_binding_is_remanded_not_repaired (test_hive_cortex_integrator.HiveCortexIntegratorTests.test_wrong_adapter_binding_is_remanded_not_repaired) ... ok
test_confidence_stays_bounded_after_many_counterexamples (test_hive_cortex_learning.CounterexampleRetentionTests.test_confidence_stays_bounded_after_many_counterexamples) ... ok
test_counterexamples_never_removed (test_hive_cortex_learning.CounterexampleRetentionTests.test_counterexamples_never_removed) ... ok
test_duplicate_counterexample_rejected (test_hive_cortex_learning.CounterexampleRetentionTests.test_duplicate_counterexample_rejected) ... ok
test_lesson_memory_record_maps_to_valid_memory_record (test_hive_cortex_learning.CounterexampleRetentionTests.test_lesson_memory_record_maps_to_valid_memory_record) ... ok
test_record_dissent_appends_and_preserves_lesson_fields (test_hive_cortex_learning.CounterexampleRetentionTests.test_record_dissent_appends_and_preserves_lesson_fields) ... ok
test_retain_counterexample_appends_and_lowers_confidence (test_hive_cortex_learning.CounterexampleRetentionTests.test_retain_counterexample_appends_and_lowers_confidence) ... ok
test_applicability_scope_outside_memory_vocabulary_rejected (test_hive_cortex_learning.LessonGenerationTests.test_applicability_scope_outside_memory_vocabulary_rejected) ... ok
test_generation_requires_independent_episodes_and_contexts (test_hive_cortex_learning.LessonGenerationTests.test_generation_requires_independent_episodes_and_contexts) ... ok
test_lesson_binds_episode_outcome_error_class_applicability_confidence_provenance_expiry (test_hive_cortex_learning.LessonGenerationTests.test_lesson_binds_episode_outcome_error_class_applicability_confidence_provenance_expiry) ... ok
test_lesson_has_no_policy_prompt_or_champion_mutation_surface (test_hive_cortex_learning.LessonGenerationTests.test_lesson_has_no_policy_prompt_or_champion_mutation_surface) ... ok
test_lesson_id_and_digest_are_deterministic (test_hive_cortex_learning.LessonGenerationTests.test_lesson_id_and_digest_are_deterministic) ... ok
test_lesson_id_is_bound_to_evidence_digests (test_hive_cortex_learning.LessonGenerationTests.test_lesson_id_is_bound_to_evidence_digests) ... ok
test_nonpositive_ttl_days_rejected (test_hive_cortex_learning.LessonGenerationTests.test_nonpositive_ttl_days_rejected) ... ok
test_secretlike_statement_rejected (test_hive_cortex_learning.LessonGenerationTests.test_secretlike_statement_rejected) ... ok
test_attribute_groups_signals_by_error_class (test_hive_cortex_learning.OutcomeAttributionTests.test_attribute_groups_signals_by_error_class) ... ok
test_contrary_outcome_signals_become_counterexamples_at_birth (test_hive_cortex_learning.OutcomeAttributionTests.test_contrary_outcome_signals_become_counterexamples_at_birth) ... ok
test_duplicate_signal_ids_rejected (test_hive_cortex_learning.OutcomeAttributionTests.test_duplicate_signal_ids_rejected) ... ok
test_empty_signal_batch_rejected (test_hive_cortex_learning.OutcomeAttributionTests.test_empty_signal_batch_rejected) ... ok
test_future_dated_signal_rejected (test_hive_cortex_learning.OutcomeAttributionTests.test_future_dated_signal_rejected) ... ok
test_signal_requires_evidence_refs_and_valid_episode_id (test_hive_cortex_learning.OutcomeAttributionTests.test_signal_requires_evidence_refs_and_valid_episode_id) ... ok
test_tied_outcomes_rejected (test_hive_cortex_learning.OutcomeAttributionTests.test_tied_outcomes_rejected) ... ok
test_acceptance_requires_the_recorded_passed_result (test_hive_cortex_mission_runtime.AuthorityBoundaryTests.test_acceptance_requires_the_recorded_passed_result) ... ok
test_builder_cannot_evaluate_its_own_candidate (test_hive_cortex_mission_runtime.AuthorityBoundaryTests.test_builder_cannot_evaluate_its_own_candidate) ... ok
test_capability_token_must_bind_the_exact_intent (test_hive_cortex_mission_runtime.AuthorityBoundaryTests.test_capability_token_must_bind_the_exact_intent) ... ok
test_curator_requires_evaluator_isolated_context (test_hive_cortex_mission_runtime.AuthorityBoundaryTests.test_curator_requires_evaluator_isolated_context) ... ok
test_effect_outside_write_scope_is_denied (test_hive_cortex_mission_runtime.AuthorityBoundaryTests.test_effect_outside_write_scope_is_denied) ... ok
test_mission_builder_intent_is_sealed_over_its_own_fields (test_hive_cortex_mission_runtime.AuthorityBoundaryTests.test_mission_builder_intent_is_sealed_over_its_own_fields)
A4-D5: the mission fixture's intent carries the digest its fields imply. ... ok
test_mission_gateway_refuses_a_forged_token_before_the_outbox (test_hive_cortex_mission_runtime.AuthorityBoundaryTests.test_mission_gateway_refuses_a_forged_token_before_the_outbox)
BIND-1030: the deterministic gateway's override no longer skips issuance. ... ok
test_requesting_role_cannot_consult_itself (test_hive_cortex_mission_runtime.AuthorityBoundaryTests.test_requesting_role_cannot_consult_itself) ... ok
test_unknown_event_types_are_rejected_by_the_spine (test_hive_cortex_mission_runtime.AuthorityBoundaryTests.test_unknown_event_types_are_rejected_by_the_spine) ... ok
test_builder_effect_is_durable_and_idempotent (test_hive_cortex_mission_runtime.CanonicalEightRoleEndToEndTests.test_builder_effect_is_durable_and_idempotent) ... ok
test_consultation_resolves_before_any_escalation (test_hive_cortex_mission_runtime.CanonicalEightRoleEndToEndTests.test_consultation_resolves_before_any_escalation) ... ok
test_failed_candidate_never_accepts (test_hive_cortex_mission_runtime.CanonicalEightRoleEndToEndTests.test_failed_candidate_never_accepts) ... ok
test_genuine_authority_escalates_instead_of_self_approving (test_hive_cortex_mission_runtime.CanonicalEightRoleEndToEndTests.test_genuine_authority_escalates_instead_of_self_approving) ... ok
test_single_objective_runs_all_eight_roles_with_typed_outputs_and_receipts (test_hive_cortex_mission_runtime.CanonicalEightRoleEndToEndTests.test_single_objective_runs_all_eight_roles_with_typed_outputs_and_receipts) ... ok
test_exhausted_retry_budget_quarantines_not_escalates (test_hive_cortex_mission_runtime.HumanlessRepairTests.test_exhausted_retry_budget_quarantines_not_escalates) ... ok
test_missing_candidate_workspace_is_rebuilt_without_human_answers (test_hive_cortex_mission_runtime.HumanlessRepairTests.test_missing_candidate_workspace_is_rebuilt_without_human_answers) ... ok
test_no_progress_bound_quarantines (test_hive_cortex_mission_runtime.HumanlessRepairTests.test_no_progress_bound_quarantines) ... ok
test_stale_lease_is_released_and_work_marked_ready (test_hive_cortex_mission_runtime.HumanlessRepairTests.test_stale_lease_is_released_and_work_marked_ready) ... ok
test_closeout_rederivation_is_deterministic (test_hive_cortex_mission_runtime.MissionReplayTests.test_closeout_rederivation_is_deterministic) ... ok
test_orchestration_plan_rehydrates_exactly (test_hive_cortex_mission_runtime.MissionReplayTests.test_orchestration_plan_rehydrates_exactly) ... ok
test_projection_rebuild_matches_live_projection (test_hive_cortex_mission_runtime.MissionReplayTests.test_projection_rebuild_matches_live_projection) ... ok
test_two_runs_from_identical_inputs_reproduce_the_event_head (test_hive_cortex_mission_runtime.MissionReplayTests.test_two_runs_from_identical_inputs_reproduce_the_event_head) ... ok
test_challenger_proposal_tests_do_not_mutate_champion (test_hive_cortex_optimizer.ChallengerProposalTests.test_challenger_proposal_tests_do_not_mutate_champion) ... ok
test_challenger_proposal_tests_reject_direct_construction_bypasses (test_hive_cortex_optimizer.ChallengerProposalTests.test_challenger_proposal_tests_reject_direct_construction_bypasses) ... ok
test_challenger_proposal_tests_reject_forged_lesson_digest (test_hive_cortex_optimizer.ChallengerProposalTests.test_challenger_proposal_tests_reject_forged_lesson_digest) ... ok
test_challenger_proposal_tests_reject_lesson_type_impersonation (test_hive_cortex_optimizer.ChallengerProposalTests.test_challenger_proposal_tests_reject_lesson_type_impersonation) ... ok
test_challenger_proposal_tests_reject_mutated_and_spaced_bindings (test_hive_cortex_optimizer.ChallengerProposalTests.test_challenger_proposal_tests_reject_mutated_and_spaced_bindings) ... ok
test_challenger_proposal_tests_reject_string_subclass_bindings (test_hive_cortex_optimizer.ChallengerProposalTests.test_challenger_proposal_tests_reject_string_subclass_bindings) ... ok
test_optimizer_lesson_tests_bind_all_required_attribution_fields (test_hive_cortex_optimizer.OptimizerLessonTests.test_optimizer_lesson_tests_bind_all_required_attribution_fields) ... ok
test_optimizer_lesson_tests_do_not_retain_original_mutable_containers (test_hive_cortex_optimizer.OptimizerLessonTests.test_optimizer_lesson_tests_do_not_retain_original_mutable_containers) ... ok
test_optimizer_lesson_tests_reject_attribution_type_impersonation (test_hive_cortex_optimizer.OptimizerLessonTests.test_optimizer_lesson_tests_reject_attribution_type_impersonation) ... ok
test_optimizer_lesson_tests_reject_expired_or_missing_evidence (test_hive_cortex_optimizer.OptimizerLessonTests.test_optimizer_lesson_tests_reject_expired_or_missing_evidence) ... ok
test_optimizer_lesson_tests_reject_mutable_sequence_bindings (test_hive_cortex_optimizer.OptimizerLessonTests.test_optimizer_lesson_tests_reject_mutable_sequence_bindings) ... ok
test_optimizer_lesson_tests_reject_scalar_and_container_subclasses (test_hive_cortex_optimizer.OptimizerLessonTests.test_optimizer_lesson_tests_reject_scalar_and_container_subclasses) ... ok
test_optimizer_lesson_tests_revalidate_mutated_attribution_at_use (test_hive_cortex_optimizer.OptimizerLessonTests.test_optimizer_lesson_tests_revalidate_mutated_attribution_at_use) ... ok
test_court_recommendation_is_non_writable_and_round_trips (test_hive_cortex_optimizer.SelfPromotionDenialTests.test_court_recommendation_is_non_writable_and_round_trips) ... ok
test_court_recommendation_rejects_unattested_construction (test_hive_cortex_optimizer.SelfPromotionDenialTests.test_court_recommendation_rejects_unattested_construction) ... ok
test_self_promotion_denial_tests_reject_candidate_author_as_evaluator (test_hive_cortex_optimizer.SelfPromotionDenialTests.test_self_promotion_denial_tests_reject_candidate_author_as_evaluator) ... ok
test_self_promotion_denial_tests_reject_proposal_type_impersonation (test_hive_cortex_optimizer.SelfPromotionDenialTests.test_self_promotion_denial_tests_reject_proposal_type_impersonation) ... ok
test_self_promotion_denial_tests_reject_string_subclass_impersonation (test_hive_cortex_optimizer.SelfPromotionDenialTests.test_self_promotion_denial_tests_reject_string_subclass_impersonation) ... ok
test_self_promotion_denial_tests_reject_tuple_bypassed_non_boolean_evidence (test_hive_cortex_optimizer.SelfPromotionDenialTests.test_self_promotion_denial_tests_reject_tuple_bypassed_non_boolean_evidence) ... ok
test_self_promotion_denial_tests_revalidate_mutated_proposal (test_hive_cortex_optimizer.SelfPromotionDenialTests.test_self_promotion_denial_tests_revalidate_mutated_proposal) ... ok
test_active_predecessor_replan_is_rejected_without_mutation (test_hive_cortex_orchestrator.OrchestratorPlannerTests.test_active_predecessor_replan_is_rejected_without_mutation) ... ok
test_budget_stop_tests_fail_closed_for_unbounded_or_unchartered_schedule (test_hive_cortex_orchestrator.OrchestratorPlannerTests.test_budget_stop_tests_fail_closed_for_unbounded_or_unchartered_schedule) ... ok
test_consultation_route_requires_two_distinct_nonrequesting_roles (test_hive_cortex_orchestrator.OrchestratorPlannerTests.test_consultation_route_requires_two_distinct_nonrequesting_roles) ... ok
test_cross_mission_plan_persistence_and_restoration_are_isolated (test_hive_cortex_orchestrator.OrchestratorPlannerTests.test_cross_mission_plan_persistence_and_restoration_are_isolated) ... ok
test_failed_persist_is_atomic_under_mid_batch_reducer_failure (test_hive_cortex_orchestrator.OrchestratorPlannerTests.test_failed_persist_is_atomic_under_mid_batch_reducer_failure) ... ok
test_new_plans_require_proposed_work_and_terminal_missions_reject_planning (test_hive_cortex_orchestrator.OrchestratorPlannerTests.test_new_plans_require_proposed_work_and_terminal_missions_reject_planning) ... ok
test_operational_supersession_actor_is_orchestrator (test_hive_cortex_orchestrator.OrchestratorPlannerTests.test_operational_supersession_actor_is_orchestrator) ... ok
test_orchestration_plan_digest_binds_complete_charter (test_hive_cortex_orchestrator.OrchestratorPlannerTests.test_orchestration_plan_digest_binds_complete_charter) ... ok
test_orchestrator_dag_tests_schedule_dependencies_scopes_budgets_and_gates (test_hive_cortex_orchestrator.OrchestratorPlannerTests.test_orchestrator_dag_tests_schedule_dependencies_scopes_budgets_and_gates) ... ok
test_planner_kind_crossover_and_every_rejection_preserve_prior_evidence (test_hive_cortex_orchestrator.OrchestratorPlannerTests.test_planner_kind_crossover_and_every_rejection_preserve_prior_evidence) ... ok
test_replan_metadata_is_canonical_and_semantically_changes_plan (test_hive_cortex_orchestrator.OrchestratorPlannerTests.test_replan_metadata_is_canonical_and_semantically_changes_plan) ... ok
test_replan_respects_remaining_budget_and_revision_limit (test_hive_cortex_orchestrator.OrchestratorPlannerTests.test_replan_respects_remaining_budget_and_revision_limit) ... ok
test_replan_supersedes_only_exact_latest_same_mission_predecessor (test_hive_cortex_orchestrator.OrchestratorPlannerTests.test_replan_supersedes_only_exact_latest_same_mission_predecessor) ... ok
test_schedule_round_trip_is_exact_complete_and_mission_scoped (test_hive_cortex_orchestrator.OrchestratorPlannerTests.test_schedule_round_trip_is_exact_complete_and_mission_scoped) ... ok
test_second_initial_plan_cannot_supersede_existing_same_mission_plan (test_hive_cortex_orchestrator.OrchestratorPlannerTests.test_second_initial_plan_cannot_supersede_existing_same_mission_plan) ... ok
test_stale_plan_retry_is_idempotent_after_a_newer_revision (test_hive_cortex_orchestrator.OrchestratorPlannerTests.test_stale_plan_retry_is_idempotent_after_a_newer_revision) ... ok
test_total_consumptive_schedule_budgets_must_fit_charter (test_hive_cortex_orchestrator.OrchestratorPlannerTests.test_total_consumptive_schedule_budgets_must_fit_charter) ... ok
test_atomic_pointer_failure_tests (test_hive_cortex_promotion.HiveCortexPromotionTests.test_atomic_pointer_failure_tests) ... ok
test_promotion_authority_tests (test_hive_cortex_promotion.HiveCortexPromotionTests.test_promotion_authority_tests) ... ok
test_rollback_promotion_tests (test_hive_cortex_promotion.HiveCortexPromotionTests.test_rollback_promotion_tests) ... ok
test_self_promotion_attack_tests (test_hive_cortex_promotion.HiveCortexPromotionTests.test_self_promotion_attack_tests) ... ok
test_crash_recovery_tests (test_hive_cortex_reconciler.HiveCortexReconcilerTests.test_crash_recovery_tests) ... ok
test_no_progress_quarantine_tests (test_hive_cortex_reconciler.HiveCortexReconcilerTests.test_no_progress_quarantine_tests) ... ok
test_reconciler_transition_tests (test_hive_cortex_reconciler.HiveCortexReconcilerTests.test_reconciler_transition_tests) ... ok
test_stale_lease_tests (test_hive_cortex_reconciler.HiveCortexReconcilerTests.test_stale_lease_tests) ... ok
test_worker_adapter_does_not_apply_repairs (test_hive_cortex_reconciler.HiveCortexReconcilerTests.test_worker_adapter_does_not_apply_repairs) ... ok
test_dependencies_cover_roles_are_acyclic_and_full_deliveries_are_linear (test_hive_cortex_role_applicability.ContextRoutingTests.test_dependencies_cover_roles_are_acyclic_and_full_deliveries_are_linear) ... ok
test_direct_transitive_and_unrelated_context_are_explicit (test_hive_cortex_role_applicability.ContextRoutingTests.test_direct_transitive_and_unrelated_context_are_explicit) ... ok
test_blocked_disposition_fails_closed (test_hive_cortex_role_applicability.LifecycleAccountabilityTests.test_blocked_disposition_fails_closed) ... ok
test_curator_still_requires_evaluator_isolated_context (test_hive_cortex_role_applicability.LifecycleAccountabilityTests.test_curator_still_requires_evaluator_isolated_context) ... ok
test_deterministic_result_binds_disposition_without_provider_call (test_hive_cortex_role_applicability.LifecycleAccountabilityTests.test_deterministic_result_binds_disposition_without_provider_call) ... ok
test_doc_only_mission_returns_eight_results_with_two_model_calls (test_hive_cortex_role_applicability.LifecycleAccountabilityTests.test_doc_only_mission_returns_eight_results_with_two_model_calls) ... ok
test_curator_external_effect_and_recovery_invariants (test_hive_cortex_role_applicability.RoleApplicabilityTests.test_curator_external_effect_and_recovery_invariants) ... ok
test_deferred_without_trigger_and_blocked_without_reason_are_denied (test_hive_cortex_role_applicability.RoleApplicabilityTests.test_deferred_without_trigger_and_blocked_without_reason_are_denied) ... ok
test_every_archetype_resolves_all_eight_roles_in_lifecycle_order (test_hive_cortex_role_applicability.RoleApplicabilityTests.test_every_archetype_resolves_all_eight_roles_in_lifecycle_order) ... ok
test_policy_digest_is_deterministic_and_signals_require_evidence (test_hive_cortex_role_applicability.RoleApplicabilityTests.test_policy_digest_is_deterministic_and_signals_require_evidence) ... ok
test_small_task_costs_fewer_than_eight_model_calls_but_eight_records (test_hive_cortex_role_applicability.RoleApplicabilityTests.test_small_task_costs_fewer_than_eight_model_calls_but_eight_records) ... ok
test_all_eight_role_runtime_tests (test_hive_cortex_role_runtime.RoleRuntimeTests.test_all_eight_role_runtime_tests) ... ok
test_role_capability_denial_tests (test_hive_cortex_role_runtime.RoleRuntimeTests.test_role_capability_denial_tests) ... ok
test_role_provider_routing_tests (test_hive_cortex_role_runtime.RoleRuntimeTests.test_role_provider_routing_tests) ... ok
test_healing_receipt_document_is_deterministic_tests (test_hive_cortex_self_healing.HiveCortexSelfHealingTests.test_healing_receipt_document_is_deterministic_tests) ... ok
test_no_progress_quarantine_tests (test_hive_cortex_self_healing.HiveCortexSelfHealingTests.test_no_progress_quarantine_tests) ... ok
test_progress_ledger_reset_tests (test_hive_cortex_self_healing.HiveCortexSelfHealingTests.test_progress_ledger_reset_tests) ... ok
test_provider_failover_exhaustion_tests (test_hive_cortex_self_healing.HiveCortexSelfHealingTests.test_provider_failover_exhaustion_tests) ... ok
test_provider_failover_tests (test_hive_cortex_self_healing.HiveCortexSelfHealingTests.test_provider_failover_tests) ... ok
test_provider_semantic_error_does_not_failover_tests (test_hive_cortex_self_healing.HiveCortexSelfHealingTests.test_provider_semantic_error_does_not_failover_tests) ... ok
test_rollback_inside_authority_tests (test_hive_cortex_self_healing.HiveCortexSelfHealingTests.test_rollback_inside_authority_tests) ... ok
test_rollback_outside_authority_escalates_tests (test_hive_cortex_self_healing.HiveCortexSelfHealingTests.test_rollback_outside_authority_escalates_tests) ... ok
test_self_healing_fault_matrix_tests (test_hive_cortex_self_healing.HiveCortexSelfHealingTests.test_self_healing_fault_matrix_tests) ... ok
test_store_pass_event_is_rejected_by_the_reducer_tests (test_hive_cortex_self_healing.HiveCortexSelfHealingTests.test_store_pass_event_is_rejected_by_the_reducer_tests)
The mandated durable append is unsatisfiable against current source. ... ok
test_assessment_rejects_matching_digest_tuple_counterfeit (test_hive_cortex_steward.HiveCortexStewardTests.test_assessment_rejects_matching_digest_tuple_counterfeit) ... ok
test_assessment_rejects_tuple_constructor_bypass (test_hive_cortex_steward.HiveCortexStewardTests.test_assessment_rejects_tuple_constructor_bypass) ... ok
test_assessment_uses_closure_bound_primitives_after_public_rebinding (test_hive_cortex_steward.HiveCortexStewardTests.test_assessment_uses_closure_bound_primitives_after_public_rebinding) ... ok
test_complete_healthy_evidence_proves_operational_readiness (test_hive_cortex_steward.HiveCortexStewardTests.test_complete_healthy_evidence_proves_operational_readiness) ... ok
test_construction_rejects_non_json_or_recursive_evidence_fail_closed (test_hive_cortex_steward.HiveCortexStewardTests.test_construction_rejects_non_json_or_recursive_evidence_fail_closed) ... C:\Users\beesp\.codex\worktrees\b7eb\hive-mind-os\src\hive_mind_os\brain_kernel\steward.py:75: ResourceWarning: unclosed database in <sqlite3.Connection object at 0x000001FAE5437E20>
  for key, value in values.items():
ResourceWarning: Enable tracemalloc to get the object allocation traceback
C:\Users\beesp\.codex\worktrees\b7eb\hive-mind-os\src\hive_mind_os\brain_kernel\steward.py:75: ResourceWarning: unclosed database in <sqlite3.Connection object at 0x000001FAE5436A70>
  for key, value in values.items():
ResourceWarning: Enable tracemalloc to get the object allocation traceback
C:\Users\beesp\.codex\worktrees\b7eb\hive-mind-os\src\hive_mind_os\brain_kernel\steward.py:75: ResourceWarning: unclosed database in <sqlite3.Connection object at 0x000001FAE5436C50>
  for key, value in values.items():
ResourceWarning: Enable tracemalloc to get the object allocation traceback
C:\Users\beesp\.codex\worktrees\b7eb\hive-mind-os\src\hive_mind_os\brain_kernel\steward.py:75: ResourceWarning: unclosed database in <sqlite3.Connection object at 0x000001FAE5437790>
  for key, value in values.items():
ResourceWarning: Enable tracemalloc to get the object allocation traceback
C:\Users\beesp\.codex\worktrees\b7eb\hive-mind-os\src\hive_mind_os\brain_kernel\steward.py:75: ResourceWarning: unclosed database in <sqlite3.Connection object at 0x000001FAE54371F0>
  for key, value in values.items():
ResourceWarning: Enable tracemalloc to get the object allocation traceback
C:\Users\beesp\.codex\worktrees\b7eb\hive-mind-os\src\hive_mind_os\brain_kernel\steward.py:75: ResourceWarning: unclosed database in <sqlite3.Connection object at 0x000001FAE5436110>
  for key, value in values.items():
ResourceWarning: Enable tracemalloc to get the object allocation traceback
C:\Users\beesp\.codex\worktrees\b7eb\hive-mind-os\src\hive_mind_os\brain_kernel\steward.py:75: ResourceWarning: unclosed database in <sqlite3.Connection object at 0x000001FAE5436890>
  for key, value in values.items():
ResourceWarning: Enable tracemalloc to get the object allocation traceback
ok
test_critical_evidence_or_recovery_failures_fail_closed (test_hive_cortex_steward.HiveCortexStewardTests.test_critical_evidence_or_recovery_failures_fail_closed) ... ok
test_degraded_health_only_proposes_bounded_reversible_recovery (test_hive_cortex_steward.HiveCortexStewardTests.test_degraded_health_only_proposes_bounded_reversible_recovery) ... ok
test_health_checks_cover_every_required_operational_surface (test_hive_cortex_steward.HiveCortexStewardTests.test_health_checks_cover_every_required_operational_surface) ... ok
test_nested_evidence_is_defensively_immutable_after_validation (test_hive_cortex_steward.HiveCortexStewardTests.test_nested_evidence_is_defensively_immutable_after_validation) ... ok
test_observation_blocks_object_setattr_evidence_tampering (test_hive_cortex_steward.HiveCortexStewardTests.test_observation_blocks_object_setattr_evidence_tampering) ... ok
test_observation_has_no_mutable_public_pair_or_registry_to_forge (test_hive_cortex_steward.HiveCortexStewardTests.test_observation_has_no_mutable_public_pair_or_registry_to_forge) ... ok
test_rejects_lossy_or_colliding_evidence_mapping_keys (test_hive_cortex_steward.HiveCortexStewardTests.test_rejects_lossy_or_colliding_evidence_mapping_keys) ... ok
test_envelope_is_not_character_truncated_and_receipt_excludes_body (test_hive_cortex_token_economy.ContextEnvelopeTests.test_envelope_is_not_character_truncated_and_receipt_excludes_body) ... ok
test_envelope_over_budget_fails_closed (test_hive_cortex_token_economy.ContextEnvelopeTests.test_envelope_over_budget_fails_closed) ... ok
test_legacy_backend_path_retains_whole_record_truncation (test_hive_cortex_token_economy.ContextEnvelopeTests.test_legacy_backend_path_retains_whole_record_truncation) ... ok
test_calibration_document_is_canonical_json (test_hive_cortex_token_economy.TokenLedgerTests.test_calibration_document_is_canonical_json) ... ok
test_calibration_is_deterministic_and_refuses_to_extrapolate (test_hive_cortex_token_economy.TokenLedgerTests.test_calibration_is_deterministic_and_refuses_to_extrapolate) ... ok
test_estimated_source_requires_an_estimator_name (test_hive_cortex_token_economy.TokenLedgerTests.test_estimated_source_requires_an_estimator_name) ... ok
test_missing_counts_use_named_estimator_only_where_derivable (test_hive_cortex_token_economy.TokenLedgerTests.test_missing_counts_use_named_estimator_only_where_derivable) ... ok
test_model_call_event_carries_additive_token_accounting (test_hive_cortex_token_economy.TokenLedgerTests.test_model_call_event_carries_additive_token_accounting) ... ok
test_provider_counts_are_recorded_as_measured (test_hive_cortex_token_economy.TokenLedgerTests.test_provider_counts_are_recorded_as_measured) ... ok
test_single_token_ledger_appends_complete_hash_chained_record (test_hive_cortex_token_economy.TokenLedgerTests.test_single_token_ledger_appends_complete_hash_chained_record) ... ok
test_unavailable_counts_are_never_reported_as_zero (test_hive_cortex_token_economy.TokenLedgerTests.test_unavailable_counts_are_never_reported_as_zero) ... ok
test_builtin_profile_rechecks_digest_at_the_read_boundary (test_host_capability_profiles.HostCapabilityProfileTests.test_builtin_profile_rechecks_digest_at_the_read_boundary) ... ok
test_builtin_profiles_are_declared_evidence_not_support_claims (test_host_capability_profiles.HostCapabilityProfileTests.test_builtin_profiles_are_declared_evidence_not_support_claims) ... ok
test_capabilities_are_explicit_and_evidence_level_is_not_inflated (test_host_capability_profiles.HostCapabilityProfileTests.test_capabilities_are_explicit_and_evidence_level_is_not_inflated) ... ok
test_formal_schema_and_runtime_reject_whitespace_evidence_refs (test_host_capability_profiles.HostCapabilityProfileTests.test_formal_schema_and_runtime_reject_whitespace_evidence_refs) ... ok
test_formal_schema_and_runtime_reject_whitespace_identifiers (test_host_capability_profiles.HostCapabilityProfileTests.test_formal_schema_and_runtime_reject_whitespace_identifiers) ... ok
test_from_contract_rejects_duplicate_capability_and_unknown_status (test_host_capability_profiles.HostCapabilityProfileTests.test_from_contract_rejects_duplicate_capability_and_unknown_status) ... ok
test_passed_conformance_requires_tested_evidence (test_host_capability_profiles.HostCapabilityProfileTests.test_passed_conformance_requires_tested_evidence) ... ok
test_profile_requires_versioned_evidence (test_host_capability_profiles.HostCapabilityProfileTests.test_profile_requires_versioned_evidence) ... ok
test_ambiguous_execution_can_be_adopted_only_for_exact_request (test_host_runtime.HostRuntimeTests.test_ambiguous_execution_can_be_adopted_only_for_exact_request) ... ok
test_create_poll_message_checkpoint_cancel_and_resume_are_idempotent (test_host_runtime.HostRuntimeTests.test_create_poll_message_checkpoint_cancel_and_resume_are_idempotent) ... ok
test_dirty_host_and_authority_expansion_fail_before_prepare (test_host_runtime.HostRuntimeTests.test_dirty_host_and_authority_expansion_fail_before_prepare) ... ok
test_idempotency_key_cannot_be_rebound_to_different_input (test_host_runtime.HostRuntimeTests.test_idempotency_key_cannot_be_rebound_to_different_input) ... ok
test_intent_only_restart_requires_recovery_and_usage_is_honest (test_host_runtime.HostRuntimeTests.test_intent_only_restart_requires_recovery_and_usage_is_honest) ... ok
test_message_rejects_a_receipt_not_bound_to_the_exact_request (test_host_runtime.HostRuntimeTests.test_message_rejects_a_receipt_not_bound_to_the_exact_request) ... ok
test_timeout_is_recoverable_and_never_automatically_reexecuted (test_host_runtime.HostRuntimeTests.test_timeout_is_recoverable_and_never_automatically_reexecuted) ... ok
test_adjudication_driver_enforces_court_identity_separation (test_ingestion.IngestionTests.test_adjudication_driver_enforces_court_identity_separation) ... ok
test_adjudication_rejects_metadata_not_bound_to_registered_bytes (test_ingestion.IngestionTests.test_adjudication_rejects_metadata_not_bound_to_registered_bytes) ... ok
test_cli_parsers_cover_ingest_and_defer_contracts (test_ingestion.IngestionTests.test_cli_parsers_cover_ingest_and_defer_contracts) ... ok
test_defer_obligation_records_review_date_and_keeps_claim_blocked (test_ingestion.IngestionTests.test_defer_obligation_records_review_date_and_keeps_claim_blocked) ... ok
test_derived_artifact_requires_an_existing_parent (test_ingestion.IngestionTests.test_derived_artifact_requires_an_existing_parent) ... ok
test_exhibit_registration_is_content_addressed_and_tamper_fails_closed (test_ingestion.IngestionTests.test_exhibit_registration_is_content_addressed_and_tamper_fails_closed) ... ok
test_fabricated_digest_is_rejected_and_ledgered (test_ingestion.IngestionTests.test_fabricated_digest_is_rejected_and_ledgered) ... ok
test_license_promotion_rejects_unbound_invalid_and_incompatible_claims (test_ingestion.IngestionTests.test_license_promotion_rejects_unbound_invalid_and_incompatible_claims) ... ok
test_license_unknown_blocks_and_resolved_spdx_with_exhibit_lifts_blocker (test_ingestion.IngestionTests.test_license_unknown_blocks_and_resolved_spdx_with_exhibit_lifts_blocker) ... ok
test_operations_are_additive_to_docket_counts (test_ingestion.IngestionTests.test_operations_are_additive_to_docket_counts) ... ok
test_unblocking_requires_both_exhibit_and_promoting_verdict (test_ingestion.IngestionTests.test_unblocking_requires_both_exhibit_and_promoting_verdict) ... ok
test_failure_before_effect_is_recoverable_and_never_blindly_retried (test_integration_transaction.IntegrationTransactionTests.test_failure_before_effect_is_recoverable_and_never_blindly_retried) ... ok
test_ordered_candidates_validate_once_and_target_advances_once (test_integration_transaction.IntegrationTransactionTests.test_ordered_candidates_validate_once_and_target_advances_once) ... ok
test_response_loss_adopts_exact_proposed_target_without_retry (test_integration_transaction.IntegrationTransactionTests.test_response_loss_adopts_exact_proposed_target_without_retry) ... ok
test_round_has_exactly_one_transaction_and_history_is_append_only (test_integration_transaction.IntegrationTransactionTests.test_round_has_exactly_one_transaction_and_history_is_append_only) ... ok
test_target_drift_and_unready_or_reordered_candidates_fail_closed (test_integration_transaction.IntegrationTransactionTests.test_target_drift_and_unready_or_reordered_candidates_fail_closed) ... ok
test_unknown_target_after_cas_requires_replan (test_integration_transaction.IntegrationTransactionTests.test_unknown_target_after_cas_requires_replan) ... ok
test_complete_lifecycle_produces_evidence (test_kernel.KernelTests.test_complete_lifecycle_produces_evidence) ... ok
test_learning_candidate_must_beat_champion (test_kernel.KernelTests.test_learning_candidate_must_beat_champion) ... ok
test_ledger_is_append_only (test_kernel.KernelTests.test_ledger_is_append_only) ... ok
test_non_delegable_invariant_cannot_be_overridden_by_full_autonomy (test_kernel.KernelTests.test_non_delegable_invariant_cannot_be_overridden_by_full_autonomy) ... ok
test_point_in_time_replay_never_exposes_target_or_future (test_kernel.KernelTests.test_point_in_time_replay_never_exposes_target_or_future) ... ok
test_policy_denies_merge_at_sandbox_level (test_kernel.KernelTests.test_policy_denies_merge_at_sandbox_level) ... ok
test_tampered_event_is_detected_after_triggers_are_dropped (test_ledger.LedgerIntegrityTests.test_tampered_event_is_detected_after_triggers_are_dropped) ... ok
test_budget_exhaustion_is_recorded_and_exports_nothing (test_mission.RepositoryMissionTests.test_budget_exhaustion_is_recorded_and_exports_nothing) ... ok
test_builder_invalid_action_json_is_corrected_not_fatal (test_mission.RepositoryMissionTests.test_builder_invalid_action_json_is_corrected_not_fatal) ... C:\Python314\Lib\ctypes\_layout.py:42: ResourceWarning: unclosed database in <sqlite3.Connection object at 0x000001FAE50F8A90>
  def get_layout(cls, input_fields, is_struct, base):
ResourceWarning: Enable tracemalloc to get the object allocation traceback
C:\Python314\Lib\ctypes\_layout.py:42: ResourceWarning: unclosed database in <sqlite3.Connection object at 0x000001FAE5437A60>
  def get_layout(cls, input_fields, is_struct, base):
ResourceWarning: Enable tracemalloc to get the object allocation traceback
C:\Python314\Lib\ctypes\_layout.py:42: ResourceWarning: unclosed database in <sqlite3.Connection object at 0x000001FAE54376A0>
  def get_layout(cls, input_fields, is_struct, base):
ResourceWarning: Enable tracemalloc to get the object allocation traceback
C:\Python314\Lib\ctypes\_layout.py:42: ResourceWarning: unclosed database in <sqlite3.Connection object at 0x000001FAE5436E30>
  def get_layout(cls, input_fields, is_struct, base):
ResourceWarning: Enable tracemalloc to get the object allocation traceback
C:\Python314\Lib\ctypes\_layout.py:42: ResourceWarning: unclosed database in <sqlite3.Connection object at 0x000001FAE5437B50>
  def get_layout(cls, input_fields, is_struct, base):
ResourceWarning: Enable tracemalloc to get the object allocation traceback
C:\Python314\Lib\ctypes\_layout.py:42: ResourceWarning: unclosed database in <sqlite3.Connection object at 0x000001FAE54371F0>
  def get_layout(cls, input_fields, is_struct, base):
ResourceWarning: Enable tracemalloc to get the object allocation traceback
C:\Python314\Lib\ctypes\_layout.py:42: ResourceWarning: unclosed database in <sqlite3.Connection object at 0x000001FAE54C23E0>
  def get_layout(cls, input_fields, is_struct, base):
ResourceWarning: Enable tracemalloc to get the object allocation traceback
C:\Python314\Lib\ctypes\_layout.py:42: ResourceWarning: unclosed database in <sqlite3.Connection object at 0x000001FAE54C3A60>
  def get_layout(cls, input_fields, is_struct, base):
ResourceWarning: Enable tracemalloc to get the object allocation traceback
C:\Python314\Lib\ctypes\_layout.py:42: ResourceWarning: unclosed database in <sqlite3.Connection object at 0x000001FAE54C0310>
  def get_layout(cls, input_fields, is_struct, base):
ResourceWarning: Enable tracemalloc to get the object allocation traceback
C:\Python314\Lib\ctypes\_layout.py:42: ResourceWarning: unclosed database in <sqlite3.Connection object at 0x000001FAE54C09A0>
  def get_layout(cls, input_fields, is_struct, base):
ResourceWarning: Enable tracemalloc to get the object allocation traceback
C:\Python314\Lib\ctypes\_layout.py:42: ResourceWarning: unclosed database in <sqlite3.Connection object at 0x000001FAE54C0040>
  def get_layout(cls, input_fields, is_struct, base):
ResourceWarning: Enable tracemalloc to get the object allocation traceback
C:\Python314\Lib\ctypes\_layout.py:42: ResourceWarning: unclosed database in <sqlite3.Connection object at 0x000001FAE54C27A0>
  def get_layout(cls, input_fields, is_struct, base):
ResourceWarning: Enable tracemalloc to get the object allocation traceback
C:\Python314\Lib\ctypes\_layout.py:42: ResourceWarning: unclosed database in <sqlite3.Connection object at 0x000001FAE54C0D60>
  def get_layout(cls, input_fields, is_struct, base):
ResourceWarning: Enable tracemalloc to get the object allocation traceback
C:\Python314\Lib\ctypes\_layout.py:42: ResourceWarning: unclosed database in <sqlite3.Connection object at 0x000001FAE50CC040>
  def get_layout(cls, input_fields, is_struct, base):
ResourceWarning: Enable tracemalloc to get the object allocation traceback
C:\Python314\Lib\ctypes\_layout.py:42: ResourceWarning: unclosed database in <sqlite3.Connection object at 0x000001FAE5437790>
  def get_layout(cls, input_fields, is_struct, base):
ResourceWarning: Enable tracemalloc to get the object allocation traceback
C:\Python314\Lib\ctypes\_layout.py:42: ResourceWarning: unclosed database in <sqlite3.Connection object at 0x000001FAE5437E20>
  def get_layout(cls, input_fields, is_struct, base):
ResourceWarning: Enable tracemalloc to get the object allocation traceback
C:\Python314\Lib\ctypes\_layout.py:42: ResourceWarning: unclosed database in <sqlite3.Connection object at 0x000001FAE54C04F0>
  def get_layout(cls, input_fields, is_struct, base):
ResourceWarning: Enable tracemalloc to get the object allocation traceback
C:\Python314\Lib\ctypes\_layout.py:42: ResourceWarning: unclosed database in <sqlite3.Connection object at 0x000001FAE54C0220>
  def get_layout(cls, input_fields, is_struct, base):
ResourceWarning: Enable tracemalloc to get the object allocation traceback
C:\Python314\Lib\ctypes\_layout.py:42: ResourceWarning: unclosed database in <sqlite3.Connection object at 0x000001FAE54C24D0>
  def get_layout(cls, input_fields, is_struct, base):
ResourceWarning: Enable tracemalloc to get the object allocation traceback
C:\Python314\Lib\ctypes\_layout.py:42: ResourceWarning: unclosed database in <sqlite3.Connection object at 0x000001FAE54C1300>
  def get_layout(cls, input_fields, is_struct, base):
ResourceWarning: Enable tracemalloc to get the object allocation traceback
C:\Python314\Lib\ctypes\_layout.py:42: ResourceWarning: unclosed database in <sqlite3.Connection object at 0x000001FAE54C33D0>
  def get_layout(cls, input_fields, is_struct, base):
ResourceWarning: Enable tracemalloc to get the object allocation traceback
C:\Python314\Lib\ctypes\_layout.py:42: ResourceWarning: unclosed database in <sqlite3.Connection object at 0x000001FAE54C2890>
  def get_layout(cls, input_fields, is_struct, base):
ResourceWarning: Enable tracemalloc to get the object allocation traceback
ok
test_cli_golden_and_sabotage_paths (test_mission.RepositoryMissionTests.test_cli_golden_and_sabotage_paths) ... ok
test_curator_rejects_test_weakening_without_export (test_mission.RepositoryMissionTests.test_curator_rejects_test_weakening_without_export) ... ok
test_curator_workspace_and_context_are_independent (test_mission.RepositoryMissionTests.test_curator_workspace_and_context_are_independent) ... ok
test_every_result_preserves_kernel_validation (test_mission.RepositoryMissionTests.test_every_result_preserves_kernel_validation) ... ok
test_explorer_command_is_bounded_but_writes_remain_denied (test_mission.RepositoryMissionTests.test_explorer_command_is_bounded_but_writes_remain_denied) ... ok
test_failed_git_operation_keeps_receipts_and_budget_accounting (test_mission.RepositoryMissionTests.test_failed_git_operation_keeps_receipts_and_budget_accounting) ... ok
test_failure_report_retains_the_mission_cause_when_evidence_fails (test_mission.RepositoryMissionTests.test_failure_report_retains_the_mission_cause_when_evidence_fails) ... ok
test_golden_scripted_delivery_and_report_fixture (test_mission.RepositoryMissionTests.test_golden_scripted_delivery_and_report_fixture) ... ok
test_model_backend_cannot_substitute_self_approving_test_commands (test_mission.RepositoryMissionTests.test_model_backend_cannot_substitute_self_approving_test_commands) ... ok
test_model_backend_is_bound_to_the_mission_budget (test_mission.RepositoryMissionTests.test_model_backend_is_bound_to_the_mission_budget) ... ok
test_model_backend_restrictive_budget_is_not_replaced_by_default (test_mission.RepositoryMissionTests.test_model_backend_restrictive_budget_is_not_replaced_by_default) ... ok
test_model_backend_uses_the_same_capability_path (test_mission.RepositoryMissionTests.test_model_backend_uses_the_same_capability_path) ... ok
test_output_parent_symlink_is_rejected_when_supported (test_mission.RepositoryMissionTests.test_output_parent_symlink_is_rejected_when_supported) ... skipped "symlink creation unavailable: [WinError 1314] A required privilege is not held by the client: 'C:\\\\Users\\\\beesp\\\\AppData\\\\Local\\\\Temp\\\\tmpnysq8y08\\\\output-target' -> 'C:\\\\Users\\\\beesp\\\\AppData\\\\Local\\\\Temp\\\\tmpnysq8y08\\\\output-link'"
test_policy_ceiling_denies_builder_write_and_exports_nothing (test_mission.RepositoryMissionTests.test_policy_ceiling_denies_builder_write_and_exports_nothing) ... ok
test_two_scripted_runs_have_deterministic_tree_and_event_shape (test_mission.RepositoryMissionTests.test_two_scripted_runs_have_deterministic_tree_and_event_shape) ... ok
test_builder_preserves_failed_attempt_and_corrects_on_later_turn (test_mission_loop.MissionLoopAdversarialTests.test_builder_preserves_failed_attempt_and_corrects_on_later_turn) ... C:\Users\beesp\.codex\worktrees\b7eb\hive-mind-os\tests\test_mission_loop.py:189: DeprecationWarning: hive_mind_os.mission_loop.MissionLoop is a retired legacy runtime surface (LEGACY-620); the canonical owner is hive_mind_os.brain_kernel.mission_runtime; rollback tag legacy-620-rollback
  return MissionLoop(
ok
test_builder_rejects_malformed_unknown_scope_broadening_and_sealed_test_edits (test_mission_loop.MissionLoopAdversarialTests.test_builder_rejects_malformed_unknown_scope_broadening_and_sealed_test_edits) ... ok
test_curator_remands_intentionally_defective_candidate_then_adopts_corrected_candidate (test_mission_loop.MissionLoopAdversarialTests.test_curator_remands_intentionally_defective_candidate_then_adopts_corrected_candidate) ... ok
test_discovery_treats_repository_prompt_injection_as_data_and_forbids_writes (test_mission_loop.MissionLoopAdversarialTests.test_discovery_treats_repository_prompt_injection_as_data_and_forbids_writes) ... ok
test_duplicate_write_no_meaningful_change_and_budget_exhaustion_fail_closed (test_mission_loop.MissionLoopAdversarialTests.test_duplicate_write_no_meaningful_change_and_budget_exhaustion_fail_closed) ... ok
test_repeated_progress_and_empty_candidate_stop_without_success (test_mission_loop.MissionLoopAdversarialTests.test_repeated_progress_and_empty_candidate_stop_without_success) ... ok
test_remand_creates_a_new_work_item_without_mutating_history (test_mission_loop.MissionStateReducerTests.test_remand_creates_a_new_work_item_without_mutating_history) ... ok
test_transitions_are_revision_bound_append_only_and_deterministic (test_mission_loop.MissionStateReducerTests.test_transitions_are_revision_bound_append_only_and_deterministic) ... ok
test_work_item_rejects_a_scalar_allowed_path (test_mission_loop.MissionStateReducerTests.test_work_item_rejects_a_scalar_allowed_path) ... ok
test_low_risk_documentation_does_not_force_every_role (test_mission_loop.OrchestratorTests.test_low_risk_documentation_does_not_force_every_role) ... ok
test_refuses_untestable_or_contradictory_intake (test_mission_loop.OrchestratorTests.test_refuses_untestable_or_contradictory_intake) ... ok
test_risk_lane_selects_independent_design_and_steward_gate (test_mission_loop.OrchestratorTests.test_risk_lane_selects_independent_design_and_steward_gate) ... ok
test_csharp_repository_rejects_then_corrects_model_actions (test_mission_loop_provider.ModelProviderActionAdapterTests.test_csharp_repository_rejects_then_corrects_model_actions) ... C:\Users\beesp\.codex\worktrees\b7eb\hive-mind-os\tests\test_mission_loop_provider.py:146: DeprecationWarning: hive_mind_os.mission_loop.MissionLoop is a retired legacy runtime surface (LEGACY-620); the canonical owner is hive_mind_os.brain_kernel.mission_runtime; rollback tag legacy-620-rollback
  return MissionLoop(
ok
test_green_suite_hidden_defect_rejects_then_corrects_against_sealed_acceptance (test_mission_loop_provider.ModelProviderActionAdapterTests.test_green_suite_hidden_defect_rejects_then_corrects_against_sealed_acceptance) ... ok
test_misleading_readme_does_not_replace_the_sealed_acceptance (test_mission_loop_provider.ModelProviderActionAdapterTests.test_misleading_readme_does_not_replace_the_sealed_acceptance) ... ok
test_model_refusal_is_receipted_without_executing_a_builder_action (test_mission_loop_provider.ModelProviderActionAdapterTests.test_model_refusal_is_receipted_without_executing_a_builder_action) ... ok
test_model_timeout_is_receipted_without_executing_a_builder_action (test_mission_loop_provider.ModelProviderActionAdapterTests.test_model_timeout_is_receipted_without_executing_a_builder_action) ... ok
test_monorepo_repository_rejects_then_corrects_only_the_allowed_package (test_mission_loop_provider.ModelProviderActionAdapterTests.test_monorepo_repository_rejects_then_corrects_only_the_allowed_package) ... ok
test_no_test_repository_uses_sealed_validation_without_inventing_a_test_suite (test_mission_loop_provider.ModelProviderActionAdapterTests.test_no_test_repository_uses_sealed_validation_without_inventing_a_test_suite) ... ok
test_node_typescript_repository_rejects_then_corrects_model_actions (test_mission_loop_provider.ModelProviderActionAdapterTests.test_node_typescript_repository_rejects_then_corrects_model_actions) ... ok
test_provider_retry_is_receipted_before_builder_actions (test_mission_loop_provider.ModelProviderActionAdapterTests.test_provider_retry_is_receipted_before_builder_actions) ... ok
test_checkpoint_digest_tamper_fails_closed (test_mission_store.TestMissionStore.test_checkpoint_digest_tamper_fails_closed) ... ok
test_cli_lists_and_resumes_interrupted_mission (test_mission_store.TestMissionStore.test_cli_lists_and_resumes_interrupted_mission) ... ok
test_completed_state_round_trips_and_validates (test_mission_store.TestMissionStore.test_completed_state_round_trips_and_validates) ... ok
test_crash_after_effect_00 (test_mission_store.TestMissionStore.test_crash_after_effect_00) ... ok
test_crash_after_effect_01 (test_mission_store.TestMissionStore.test_crash_after_effect_01) ... C:\Python314\Lib\json\decoder.py:361: ResourceWarning: unclosed database in <sqlite3.Connection object at 0x000001FAE5437E20>
  obj, end = self.scan_once(s, idx)
ResourceWarning: Enable tracemalloc to get the object allocation traceback
C:\Python314\Lib\json\decoder.py:361: ResourceWarning: unclosed database in <sqlite3.Connection object at 0x000001FAE50CC040>
  obj, end = self.scan_once(s, idx)
ResourceWarning: Enable tracemalloc to get the object allocation traceback
C:\Python314\Lib\json\decoder.py:361: ResourceWarning: unclosed database in <sqlite3.Connection object at 0x000001FAE55A8F40>
  obj, end = self.scan_once(s, idx)
ResourceWarning: Enable tracemalloc to get the object allocation traceback
C:\Python314\Lib\json\decoder.py:361: ResourceWarning: unclosed database in <sqlite3.Connection object at 0x000001FA87D367A0>
  obj, end = self.scan_once(s, idx)
ResourceWarning: Enable tracemalloc to get the object allocation traceback
C:\Python314\Lib\json\decoder.py:361: ResourceWarning: unclosed database in <sqlite3.Connection object at 0x000001FA87D355D0>
  obj, end = self.scan_once(s, idx)
ResourceWarning: Enable tracemalloc to get the object allocation traceback
C:\Python314\Lib\json\decoder.py:361: ResourceWarning: unclosed database in <sqlite3.Connection object at 0x000001FAE57817B0>
  obj, end = self.scan_once(s, idx)
ResourceWarning: Enable tracemalloc to get the object allocation traceback
C:\Python314\Lib\json\decoder.py:361: ResourceWarning: unclosed database in <sqlite3.Connection object at 0x000001FAE50CF970>
  obj, end = self.scan_once(s, idx)
ResourceWarning: Enable tracemalloc to get the object allocation traceback
C:\Python314\Lib\json\decoder.py:361: ResourceWarning: unclosed database in <sqlite3.Connection object at 0x000001FAE50CFA60>
  obj, end = self.scan_once(s, idx)
ResourceWarning: Enable tracemalloc to get the object allocation traceback
C:\Python314\Lib\json\decoder.py:361: ResourceWarning: unclosed database in <sqlite3.Connection object at 0x000001FAE5780B80>
  obj, end = self.scan_once(s, idx)
ResourceWarning: Enable tracemalloc to get the object allocation traceback
C:\Python314\Lib\json\decoder.py:361: ResourceWarning: unclosed database in <sqlite3.Connection object at 0x000001FA85479030>
  obj, end = self.scan_once(s, idx)
ResourceWarning: Enable tracemalloc to get the object allocation traceback
C:\Python314\Lib\json\decoder.py:361: ResourceWarning: unclosed database in <sqlite3.Connection object at 0x000001FA85479120>
  obj, end = self.scan_once(s, idx)
ResourceWarning: Enable tracemalloc to get the object allocation traceback
C:\Python314\Lib\json\decoder.py:361: ResourceWarning: unclosed database in <sqlite3.Connection object at 0x000001FA85479210>
  obj, end = self.scan_once(s, idx)
ResourceWarning: Enable tracemalloc to get the object allocation traceback
ok
test_crash_after_effect_02 (test_mission_store.TestMissionStore.test_crash_after_effect_02) ... ok
test_crash_after_effect_03 (test_mission_store.TestMissionStore.test_crash_after_effect_03) ... ok
test_crash_after_effect_04 (test_mission_store.TestMissionStore.test_crash_after_effect_04) ... ok
test_crash_after_effect_05 (test_mission_store.TestMissionStore.test_crash_after_effect_05) ... ok
test_crash_after_effect_06 (test_mission_store.TestMissionStore.test_crash_after_effect_06) ... ok
test_crash_after_effect_07 (test_mission_store.TestMissionStore.test_crash_after_effect_07) ... ok
test_crash_after_effect_08 (test_mission_store.TestMissionStore.test_crash_after_effect_08) ... ok
test_crash_after_effect_09 (test_mission_store.TestMissionStore.test_crash_after_effect_09) ... ok
test_crash_after_effect_10 (test_mission_store.TestMissionStore.test_crash_after_effect_10) ... ok
test_crash_after_effect_11 (test_mission_store.TestMissionStore.test_crash_after_effect_11) ... ok
test_crash_after_effect_12 (test_mission_store.TestMissionStore.test_crash_after_effect_12) ... C:\Python314\Lib\json\decoder.py:361: ResourceWarning: unclosed database in <sqlite3.Connection object at 0x000001FA87D35A80>
  obj, end = self.scan_once(s, idx)
ResourceWarning: Enable tracemalloc to get the object allocation traceback
ok
test_crash_after_effect_13 (test_mission_store.TestMissionStore.test_crash_after_effect_13) ... C:\Users\beesp\.codex\worktrees\b7eb\hive-mind-os\src\hive_mind_os\mission_store.py:1080: ResourceWarning: unclosed database in <sqlite3.Connection object at 0x000001FAE54C3C40>
  {"kind": "checkpoint-receipt", "path": path}
ResourceWarning: Enable tracemalloc to get the object allocation traceback
ok
test_crash_after_effect_14 (test_mission_store.TestMissionStore.test_crash_after_effect_14) ... ok
test_crash_after_effect_15 (test_mission_store.TestMissionStore.test_crash_after_effect_15) ... ok
test_crash_after_effect_16 (test_mission_store.TestMissionStore.test_crash_after_effect_16) ... ok
test_crash_after_effect_17 (test_mission_store.TestMissionStore.test_crash_after_effect_17) ... ok
test_crash_after_intent_00 (test_mission_store.TestMissionStore.test_crash_after_intent_00) ... ok
test_crash_after_intent_01 (test_mission_store.TestMissionStore.test_crash_after_intent_01) ... ok
test_crash_after_intent_02 (test_mission_store.TestMissionStore.test_crash_after_intent_02) ... ok
test_crash_after_intent_03 (test_mission_store.TestMissionStore.test_crash_after_intent_03) ... ok
test_crash_after_intent_04 (test_mission_store.TestMissionStore.test_crash_after_intent_04) ... ok
test_crash_after_intent_05 (test_mission_store.TestMissionStore.test_crash_after_intent_05) ... ok
test_crash_after_intent_06 (test_mission_store.TestMissionStore.test_crash_after_intent_06) ... ok
test_crash_after_intent_07 (test_mission_store.TestMissionStore.test_crash_after_intent_07) ... ok
test_crash_after_intent_08 (test_mission_store.TestMissionStore.test_crash_after_intent_08) ... ok
test_crash_after_intent_09 (test_mission_store.TestMissionStore.test_crash_after_intent_09) ... ok
test_crash_after_intent_10 (test_mission_store.TestMissionStore.test_crash_after_intent_10) ... ok
test_crash_after_intent_11 (test_mission_store.TestMissionStore.test_crash_after_intent_11) ... ok
test_crash_after_intent_12 (test_mission_store.TestMissionStore.test_crash_after_intent_12) ... ok
test_crash_after_intent_13 (test_mission_store.TestMissionStore.test_crash_after_intent_13) ... ok
test_crash_after_intent_14 (test_mission_store.TestMissionStore.test_crash_after_intent_14) ... C:\Python314\Lib\json\decoder.py:361: ResourceWarning: unclosed database in <sqlite3.Connection object at 0x000001FAE5437790>
  obj, end = self.scan_once(s, idx)
ResourceWarning: Enable tracemalloc to get the object allocation traceback
ok
test_crash_after_intent_15 (test_mission_store.TestMissionStore.test_crash_after_intent_15) ... ok
test_crash_after_intent_16 (test_mission_store.TestMissionStore.test_crash_after_intent_16) ... ok
test_crash_after_intent_17 (test_mission_store.TestMissionStore.test_crash_after_intent_17) ... ok
test_crash_before_intent_00 (test_mission_store.TestMissionStore.test_crash_before_intent_00) ... ok
test_crash_before_intent_01 (test_mission_store.TestMissionStore.test_crash_before_intent_01) ... ok
test_crash_before_intent_02 (test_mission_store.TestMissionStore.test_crash_before_intent_02) ... ok
test_crash_before_intent_03 (test_mission_store.TestMissionStore.test_crash_before_intent_03) ... ok
test_crash_before_intent_04 (test_mission_store.TestMissionStore.test_crash_before_intent_04) ... ok
test_crash_before_intent_05 (test_mission_store.TestMissionStore.test_crash_before_intent_05) ... ok
test_crash_before_intent_06 (test_mission_store.TestMissionStore.test_crash_before_intent_06) ... ok
test_crash_before_intent_07 (test_mission_store.TestMissionStore.test_crash_before_intent_07) ... ok
test_crash_before_intent_08 (test_mission_store.TestMissionStore.test_crash_before_intent_08) ... ok
test_crash_before_intent_09 (test_mission_store.TestMissionStore.test_crash_before_intent_09) ... ok
test_crash_before_intent_10 (test_mission_store.TestMissionStore.test_crash_before_intent_10) ... ok
test_crash_before_intent_11 (test_mission_store.TestMissionStore.test_crash_before_intent_11) ... ok
test_crash_before_intent_12 (test_mission_store.TestMissionStore.test_crash_before_intent_12) ... ok
test_crash_before_intent_13 (test_mission_store.TestMissionStore.test_crash_before_intent_13) ... ok
test_crash_before_intent_14 (test_mission_store.TestMissionStore.test_crash_before_intent_14) ... ok
test_crash_before_intent_15 (test_mission_store.TestMissionStore.test_crash_before_intent_15) ... ok
test_crash_before_intent_16 (test_mission_store.TestMissionStore.test_crash_before_intent_16) ... ok
test_crash_before_intent_17 (test_mission_store.TestMissionStore.test_crash_before_intent_17) ... ok
test_durable_write_survives_a_name_at_the_component_limit (test_mission_store.TestMissionStore.test_durable_write_survives_a_name_at_the_component_limit) ... ok
test_effect_interrupted_before_receipt_reconciles_from_write_ahead_record (test_mission_store.TestMissionStore.test_effect_interrupted_before_receipt_reconciles_from_write_ahead_record) ... ok
test_lost_workspace_rebuilds_and_completes (test_mission_store.TestMissionStore.test_lost_workspace_rebuilds_and_completes) ... ok
test_raw_effect_receipt_is_adopted_without_reexecution (test_mission_store.TestMissionStore.test_raw_effect_receipt_is_adopted_without_reexecution) ... ok
test_receipt_persists_when_the_legacy_temporary_name_exceeds_max_path (test_mission_store.TestMissionStore.test_receipt_persists_when_the_legacy_temporary_name_exceeds_max_path) ... ok
test_store_crud_idempotency_and_state_schema (test_mission_store.TestMissionStore.test_store_crud_idempotency_and_state_schema) ... ok
test_store_version_fails_closed (test_mission_store.TestMissionStore.test_store_version_fails_closed) ... ok
test_uncheckpointed_partial_workspace_rebuilds (test_mission_store.TestMissionStore.test_uncheckpointed_partial_workspace_rebuilds) ... ok
test_workspace_drift_blocks_with_reconciliation_report (test_mission_store.TestMissionStore.test_workspace_drift_blocks_with_reconciliation_report) ... ok
test_budget_exhaustion_prevents_provider_call (test_model_backend.ModelBackendTests.test_budget_exhaustion_prevents_provider_call) ... ok
test_builder_prompt_includes_failing_test_output_and_named_files (test_model_backend.ModelBackendTests.test_builder_prompt_includes_failing_test_output_and_named_files) ... ok
test_cli_flag_preserves_deterministic_default (test_model_backend.ModelBackendTests.test_cli_flag_preserves_deterministic_default) ... ok
test_context_budget_evicts_whole_records_and_is_deterministic (test_model_backend.ModelBackendTests.test_context_budget_evicts_whole_records_and_is_deterministic) ... ok
test_corrective_body_is_included_in_pre_call_budget (test_model_backend.ModelBackendTests.test_corrective_body_is_included_in_pre_call_budget) ... ok
test_failed_provider_response_body_is_digested (test_model_backend.ModelBackendTests.test_failed_provider_response_body_is_digested) ... ok
test_http_error_response_body_is_digested (test_model_backend.ModelBackendTests.test_http_error_response_body_is_digested) ... ok
test_integrated_receipt_contains_no_api_key (test_model_backend.ModelBackendTests.test_integrated_receipt_contains_no_api_key) ... ok
test_malformed_json_retries_with_one_role_turn_allowance (test_model_backend.ModelBackendTests.test_malformed_json_retries_with_one_role_turn_allowance) ... ok
test_offline_backend_completes_all_roles (test_model_backend.ModelBackendTests.test_offline_backend_completes_all_roles) ... ok
test_persistently_malformed_output_fails_without_result (test_model_backend.ModelBackendTests.test_persistently_malformed_output_fails_without_result) ... ok
test_subscription_receipt_identifies_session_auth_without_an_api_key (test_model_backend.ModelBackendTests.test_subscription_receipt_identifies_session_auth_without_an_api_key) ... ok
test_valid_turn_passes_kernel_result_validation (test_model_backend.ModelBackendTests.test_valid_turn_passes_kernel_result_validation) ... ok
test_anthropic_request_and_response (test_model_provider.ModelProviderTests.test_anthropic_request_and_response) ... ok
test_api_key_redaction_and_no_body_leak (test_model_provider.ModelProviderTests.test_api_key_redaction_and_no_body_leak) ... ok
test_http_error_body_is_capped_before_parsing (test_model_provider.ModelProviderTests.test_http_error_body_is_capped_before_parsing) ... ok
test_http_transport_caps_response_bytes_before_reading (test_model_provider.ModelProviderTests.test_http_transport_caps_response_bytes_before_reading) ... ok
test_missing_key_fails_before_transport (test_model_provider.ModelProviderTests.test_missing_key_fails_before_transport) ... ok
test_openai_compatible_request_and_response (test_model_provider.ModelProviderTests.test_openai_compatible_request_and_response) ... ok
test_provider_config_rejects_plaintext_or_ambiguous_urls (test_model_provider.ModelProviderTests.test_provider_config_rejects_plaintext_or_ambiguous_urls) ... ok
test_subscription_provider_factory_needs_no_api_key_or_model_id (test_model_provider.ModelProviderTests.test_subscription_provider_factory_needs_no_api_key_or_model_id) ... ok
test_subscription_provider_fails_closed_for_missing_output_or_api_key_configuration (test_model_provider.ModelProviderTests.test_subscription_provider_fails_closed_for_missing_output_or_api_key_configuration) ... ok
test_subscription_provider_uses_a_scrubbed_read_only_ephemeral_codex_command (test_model_provider.ModelProviderTests.test_subscription_provider_uses_a_scrubbed_read_only_ephemeral_codex_command) ... ok
test_transport_timeout_retries_are_bounded (test_model_provider.ModelProviderTests.test_transport_timeout_retries_are_bounded) ... ok
test_contract_validator_rejects_forged_cross_field_state (test_ooda_workflow.OODAWorkflowTests.test_contract_validator_rejects_forged_cross_field_state) ... ok
test_illegal_act_and_sequence_transitions_fail_closed (test_ooda_workflow.OODAWorkflowTests.test_illegal_act_and_sequence_transitions_fail_closed) ... ok
test_initial_state_can_stop_without_losing_terminal_evidence (test_ooda_workflow.OODAWorkflowTests.test_initial_state_can_stop_without_losing_terminal_evidence) ... ok
test_replay_enforces_the_evidence_bound_cycle (test_ooda_workflow.OODAWorkflowTests.test_replay_enforces_the_evidence_bound_cycle) ... ok
test_stop_is_terminal_and_records_an_outcome (test_ooda_workflow.OODAWorkflowTests.test_stop_is_terminal_and_records_an_outcome) ... ok
test_timestamps_and_terminal_records_fail_closed (test_ooda_workflow.OODAWorkflowTests.test_timestamps_and_terminal_records_fail_closed) ... ok
test_dependency_cycles_and_nonexact_versions_are_rejected (test_package_catalog.PackageCatalogTests.test_dependency_cycles_and_nonexact_versions_are_rejected) ... ok
test_digest_mismatch_and_unlisted_files_fail_closed (test_package_catalog.PackageCatalogTests.test_digest_mismatch_and_unlisted_files_fail_closed) ... ok
test_duplicate_component_ids_across_packages_are_rejected (test_package_catalog.PackageCatalogTests.test_duplicate_component_ids_across_packages_are_rejected) ... ok
test_duplicate_json_keys_are_rejected (test_package_catalog.PackageCatalogTests.test_duplicate_json_keys_are_rejected) ... ok
test_exact_dependency_pins_are_verified_and_ordered (test_package_catalog.PackageCatalogTests.test_exact_dependency_pins_are_verified_and_ordered) ... ok
test_hive_core_is_inert_content_addressed_and_deterministic (test_package_catalog.PackageCatalogTests.test_hive_core_is_inert_content_addressed_and_deterministic) ... C:\Python314\Lib\pathlib\__init__.py:298: ResourceWarning: unclosed database in <sqlite3.Connection object at 0x000001FA854784F0>
  return drv, root, [x for x in rel.split(sep) if x and x != '.']
ResourceWarning: Enable tracemalloc to get the object allocation traceback
C:\Python314\Lib\pathlib\__init__.py:298: ResourceWarning: unclosed database in <sqlite3.Connection object at 0x000001FA8547B4C0>
  return drv, root, [x for x in rel.split(sep) if x and x != '.']
ResourceWarning: Enable tracemalloc to get the object allocation traceback
C:\Python314\Lib\pathlib\__init__.py:298: ResourceWarning: unclosed database in <sqlite3.Connection object at 0x000001FA85479210>
  return drv, root, [x for x in rel.split(sep) if x and x != '.']
ResourceWarning: Enable tracemalloc to get the object allocation traceback
C:\Python314\Lib\pathlib\__init__.py:298: ResourceWarning: unclosed database in <sqlite3.Connection object at 0x000001FA854785E0>
  return drv, root, [x for x in rel.split(sep) if x and x != '.']
ResourceWarning: Enable tracemalloc to get the object allocation traceback
C:\Python314\Lib\pathlib\__init__.py:298: ResourceWarning: unclosed database in <sqlite3.Connection object at 0x000001FA85478040>
  return drv, root, [x for x in rel.split(sep) if x and x != '.']
ResourceWarning: Enable tracemalloc to get the object allocation traceback
C:\Python314\Lib\pathlib\__init__.py:298: ResourceWarning: unclosed database in <sqlite3.Connection object at 0x000001FA8547BB50>
  return drv, root, [x for x in rel.split(sep) if x and x != '.']
ResourceWarning: Enable tracemalloc to get the object allocation traceback
C:\Python314\Lib\pathlib\__init__.py:298: ResourceWarning: unclosed database in <sqlite3.Connection object at 0x000001FA85478310>
  return drv, root, [x for x in rel.split(sep) if x and x != '.']
ResourceWarning: Enable tracemalloc to get the object allocation traceback
C:\Python314\Lib\pathlib\__init__.py:298: ResourceWarning: unclosed database in <sqlite3.Connection object at 0x000001FA854786D0>
  return drv, root, [x for x in rel.split(sep) if x and x != '.']
ResourceWarning: Enable tracemalloc to get the object allocation traceback
C:\Python314\Lib\pathlib\__init__.py:298: ResourceWarning: unclosed database in <sqlite3.Connection object at 0x000001FA854789A0>
  return drv, root, [x for x in rel.split(sep) if x and x != '.']
ResourceWarning: Enable tracemalloc to get the object allocation traceback
C:\Python314\Lib\pathlib\__init__.py:298: ResourceWarning: unclosed database in <sqlite3.Connection object at 0x000001FA8547B3D0>
  return drv, root, [x for x in rel.split(sep) if x and x != '.']
ResourceWarning: Enable tracemalloc to get the object allocation traceback
C:\Python314\Lib\pathlib\__init__.py:298: ResourceWarning: unclosed database in <sqlite3.Connection object at 0x000001FA85478E50>
  return drv, root, [x for x in rel.split(sep) if x and x != '.']
ResourceWarning: Enable tracemalloc to get the object allocation traceback
C:\Python314\Lib\pathlib\__init__.py:298: ResourceWarning: unclosed database in <sqlite3.Connection object at 0x000001FA8547A980>
  return drv, root, [x for x in rel.split(sep) if x and x != '.']
ResourceWarning: Enable tracemalloc to get the object allocation traceback
C:\Python314\Lib\pathlib\__init__.py:298: ResourceWarning: unclosed database in <sqlite3.Connection object at 0x000001FA8547B790>
  return drv, root, [x for x in rel.split(sep) if x and x != '.']
ResourceWarning: Enable tracemalloc to get the object allocation traceback
C:\Python314\Lib\pathlib\__init__.py:298: ResourceWarning: unclosed database in <sqlite3.Connection object at 0x000001FAE52C4F40>
  return drv, root, [x for x in rel.split(sep) if x and x != '.']
ResourceWarning: Enable tracemalloc to get the object allocation traceback
C:\Python314\Lib\pathlib\__init__.py:298: ResourceWarning: unclosed database in <sqlite3.Connection object at 0x000001FAE52C4A90>
  return drv, root, [x for x in rel.split(sep) if x and x != '.']
ResourceWarning: Enable tracemalloc to get the object allocation traceback
ok
test_package_requires_an_explicit_absolute_root (test_package_catalog.PackageCatalogTests.test_package_requires_an_explicit_absolute_root) ... ok
test_provenance_license_and_trust_fail_closed (test_package_catalog.PackageCatalogTests.test_provenance_license_and_trust_fail_closed) ... ok
test_symlinks_are_rejected_when_platform_allows_them (test_package_catalog.PackageCatalogTests.test_symlinks_are_rejected_when_platform_allows_them) ... skipped 'this environment cannot create symlinks'
test_unresolved_replacement_and_rollback_pins_require_quarantine (test_package_catalog.PackageCatalogTests.test_unresolved_replacement_and_rollback_pins_require_quarantine) ... ok
test_malformed_tool_schema_keywords_fail_closed (test_package_extensions.PackageExtensionTests.test_malformed_tool_schema_keywords_fail_closed) ... ok
test_missing_and_wrong_kind_agent_refs_fail_closed (test_package_extensions.PackageExtensionTests.test_missing_and_wrong_kind_agent_refs_fail_closed) ... ok
test_skill_capability_escalation_fails_closed (test_package_extensions.PackageExtensionTests.test_skill_capability_escalation_fails_closed) ... ok
test_skill_instruction_and_tool_schema_resources_are_strict (test_package_extensions.PackageExtensionTests.test_skill_instruction_and_tool_schema_resources_are_strict) ... ok
test_source_docket_remains_fail_closed_after_extension_packaging (test_package_extensions.PackageExtensionTests.test_source_docket_remains_fail_closed_after_extension_packaging) ... ok
test_third_party_agent_skill_tool_and_workflow_remain_inert (test_package_extensions.PackageExtensionTests.test_third_party_agent_skill_tool_and_workflow_remain_inert) ... ok
test_undeclared_package_reach_is_rejected_but_exact_dependency_is_allowed (test_package_extensions.PackageExtensionTests.test_undeclared_package_reach_is_rejected_but_exact_dependency_is_allowed) ... ok
test_builtin_agent_manifests_exactly_preserve_legacy_contracts (test_package_registry_compat.PackageRegistryCompatibilityTests.test_builtin_agent_manifests_exactly_preserve_legacy_contracts) ... ok
test_builtin_package_resources_and_formal_schemas_are_available (test_package_registry_compat.PackageRegistryCompatibilityTests.test_builtin_package_resources_and_formal_schemas_are_available) ... ok
test_builtin_workflow_exactly_preserves_legacy_lifecycle (test_package_registry_compat.PackageRegistryCompatibilityTests.test_builtin_workflow_exactly_preserves_legacy_lifecycle) ... ok
test_package_types_are_additive_root_exports (test_package_registry_compat.PackageRegistryCompatibilityTests.test_package_types_are_additive_root_exports) ... ok
test_roles_facade_remains_exactly_compatible (test_package_registry_compat.PackageRegistryCompatibilityTests.test_roles_facade_remains_exactly_compatible) ... ok
test_ancestor_set_equals_exact_fixture_dag_closure (test_pit_oracle.PointInTimeOracleTests.test_ancestor_set_equals_exact_fixture_dag_closure) ... ok
test_bookkeeping_physics_discrepancy_fails_closed (test_pit_oracle.PointInTimeOracleTests.test_bookkeeping_physics_discrepancy_fails_closed) ... ok
test_cheating_probes_fail_and_every_attempt_has_a_receipt (test_pit_oracle.PointInTimeOracleTests.test_cheating_probes_fail_and_every_attempt_has_a_receipt) ... ok
test_episode_record_is_complete_and_receipts_resolve (test_pit_oracle.PointInTimeOracleTests.test_episode_record_is_complete_and_receipts_resolve) ... ok
test_fixture_sha_table_and_tag_are_stable (test_pit_oracle.PointInTimeOracleTests.test_fixture_sha_table_and_tag_are_stable) ... ok
test_forged_reveal_is_rejected_before_grading (test_pit_oracle.PointInTimeOracleTests.test_forged_reveal_is_rejected_before_grading) ... ok
test_parent_environment_removes_the_temporary_bundle_before_handoff (test_pit_oracle.PointInTimeOracleTests.test_parent_environment_removes_the_temporary_bundle_before_handoff) ... ok
test_post_merge_environment_contains_both_parent_lines (test_pit_oracle.PointInTimeOracleTests.test_post_merge_environment_contains_both_parent_lines) ... ok
test_prediction_mutation_after_reveal_is_detected_at_grading (test_pit_oracle.PointInTimeOracleTests.test_prediction_mutation_after_reveal_is_detected_at_grading) ... ok
test_seal_is_required_before_reveal_and_orders_ledger_events (test_pit_oracle.PointInTimeOracleTests.test_seal_is_required_before_reveal_and_orders_ledger_events) ... ok
test_seal_rejects_mutated_target_environment (test_pit_oracle.PointInTimeOracleTests.test_seal_rejects_mutated_target_environment) ... ok
test_self_history_pins_and_scripted_episode_complete_offline (test_pit_oracle.PointInTimeOracleTests.test_self_history_pins_and_scripted_episode_complete_offline) ... ok
test_self_verification_refuses_injected_future_object (test_pit_oracle.PointInTimeOracleTests.test_self_verification_refuses_injected_future_object) ... ok
test_target_tree_future_objects_absent_and_ancestor_blob_present (test_pit_oracle.PointInTimeOracleTests.test_target_tree_future_objects_absent_and_ancestor_blob_present) ... ok
test_exact_generation_repeat_is_idempotent_even_under_concurrency (test_plan_generation.PlanGenerationTests.test_exact_generation_repeat_is_idempotent_even_under_concurrency) ... ok
test_generation_exports_complete_plan_and_external_manifest_bytes (test_plan_generation.PlanGenerationTests.test_generation_exports_complete_plan_and_external_manifest_bytes) ... ok
test_generation_identity_changes_for_source_mapping_compiler_or_plan (test_plan_generation.PlanGenerationTests.test_generation_identity_changes_for_source_mapping_compiler_or_plan) ... ok
test_non_repository_generation_has_no_implicit_git_or_host_authority (test_plan_generation.PlanGenerationTests.test_non_repository_generation_has_no_implicit_git_or_host_authority) ... ok
test_stale_request_tree_or_standard_substitution_fails_closed (test_plan_generation.PlanGenerationTests.test_stale_request_tree_or_standard_substitution_fails_closed) ... ok
test_current_request_and_tree_are_checked_without_legacy_fallback (test_plan_lineage.PlanLineageTests.test_current_request_and_tree_are_checked_without_legacy_fallback) ... ok
test_generation_id_authenticates_every_nested_binding (test_plan_lineage.PlanLineageTests.test_generation_id_authenticates_every_nested_binding) ... ok
test_historical_plan_is_checked_as_bytes_not_reinterpreted (test_plan_lineage.PlanLineageTests.test_historical_plan_is_checked_as_bytes_not_reinterpreted) ... ok
test_lineage_exact_repeat_is_idempotent_but_substitution_fails (test_plan_lineage.PlanLineageTests.test_lineage_exact_repeat_is_idempotent_but_substitution_fails) ... ok
test_receipts_carry_only_for_unchanged_contract_and_same_subject (test_plan_lineage.PlanLineageTests.test_receipts_carry_only_for_unchanged_contract_and_same_subject) ... ok
test_v1_plan_rows_have_retained_plan_trace_dispositions (test_plan_lineage.PlanLineageTests.test_v1_plan_rows_have_retained_plan_trace_dispositions) ... ok
test_original_prompt_is_content_addressed_inert_and_generic (test_planner_prompt.PlannerPromptTests.test_original_prompt_is_content_addressed_inert_and_generic) ... ok
test_prompt_requires_separation_blockers_and_no_commands (test_planner_prompt.PlannerPromptTests.test_prompt_requires_separation_blockers_and_no_commands) ... ok
test_actions_are_denied_below_their_required_authority (test_policy_invariants.PolicyInvariantTests.test_actions_are_denied_below_their_required_authority) ... ok
test_autonomy_cannot_be_mutated_after_construction (test_policy_invariants.PolicyInvariantTests.test_autonomy_cannot_be_mutated_after_construction) ... ok
test_blank_or_mismatched_charter_binding_is_ineligible_and_quarantined (test_policy_invariants.PolicyInvariantTests.test_blank_or_mismatched_charter_binding_is_ineligible_and_quarantined) ... ok
test_every_action_has_an_explicit_policy_mapping (test_policy_invariants.PolicyInvariantTests.test_every_action_has_an_explicit_policy_mapping) ... ok
test_every_charter_forbidden_capability_is_a_hard_disqualifier (test_policy_invariants.PolicyInvariantTests.test_every_charter_forbidden_capability_is_a_hard_disqualifier) ... ok
test_explorer_remains_nonmutating_at_every_authority_level (test_policy_invariants.PolicyInvariantTests.test_explorer_remains_nonmutating_at_every_authority_level) ... ok
test_external_grant_actions_default_to_denied_without_a_grant_model (test_policy_invariants.PolicyInvariantTests.test_external_grant_actions_default_to_denied_without_a_grant_model) ... ok
test_known_low_risk_actions_are_not_accidentally_denied (test_policy_invariants.PolicyInvariantTests.test_known_low_risk_actions_are_not_accidentally_denied) ... ok
test_malformed_runtime_inputs_fail_closed (test_policy_invariants.PolicyInvariantTests.test_malformed_runtime_inputs_fail_closed) ... ok
test_non_delegable_actions_are_denied_for_every_actor_risk_and_authority (test_policy_invariants.PolicyInvariantTests.test_non_delegable_actions_are_denied_for_every_actor_risk_and_authority) ... ok
test_closed_boundary_rejects_unknown_duplicate_nonfinite_deep_and_oversize (test_portable_plan.PortablePlanContractTests.test_closed_boundary_rejects_unknown_duplicate_nonfinite_deep_and_oversize) ... ok
test_graph_and_cross_references_fail_closed (test_portable_plan.PortablePlanContractTests.test_graph_and_cross_references_fail_closed) ... ok
test_non_repository_subject_is_first_class_and_cross_identity_fails (test_portable_plan.PortablePlanContractTests.test_non_repository_subject_is_first_class_and_cross_identity_fails) ... ok
test_plan_is_immutable_data_and_contains_no_execution_method (test_portable_plan.PortablePlanContractTests.test_plan_is_immutable_data_and_contains_no_execution_method) ... ok
test_repository_plan_round_trips_to_one_canonical_form (test_portable_plan.PortablePlanContractTests.test_repository_plan_round_trips_to_one_canonical_form) ... ok
test_injection_and_bad_digest_are_rejected (test_powershell_preparation.PowerShellPreparationTests.test_injection_and_bad_digest_are_rejected) ... ok
test_preparation_is_inert_bounded_and_quotes_inputs (test_powershell_preparation.PowerShellPreparationTests.test_preparation_is_inert_bounded_and_quotes_inputs) ... ok
test_relative_paths_are_rejected_instead_of_resolved_from_ambient_cwd (test_powershell_preparation.PowerShellPreparationTests.test_relative_paths_are_rejected_instead_of_resolved_from_ambient_cwd) ... ok
test_agent_instruction_is_durable_and_preserves_external_authority_limits (test_preauthorized_continuation.PreauthorizedContinuationLauncherTests.test_agent_instruction_is_durable_and_preserves_external_authority_limits) ... ok
test_apply_is_explicitly_withheld_until_the_dispatcher_reports_publication (test_preauthorized_continuation.PreauthorizedContinuationLauncherTests.test_apply_is_explicitly_withheld_until_the_dispatcher_reports_publication) ... ok
test_launcher_cannot_select_a_foreign_repository_or_actor (test_preauthorized_continuation.PreauthorizedContinuationLauncherTests.test_launcher_cannot_select_a_foreign_repository_or_actor) ... ok
test_launcher_cannot_smuggle_credentials_or_privileged_shortcuts (test_preauthorized_continuation.PreauthorizedContinuationLauncherTests.test_launcher_cannot_smuggle_credentials_or_privileged_shortcuts) ... ok
test_launcher_rejects_foreign_scope_parameters_before_execution (test_preauthorized_continuation.PreauthorizedContinuationLauncherTests.test_launcher_rejects_foreign_scope_parameters_before_execution) ... ok
test_launcher_reobserves_the_current_repository_before_execution (test_preauthorized_continuation.PreauthorizedContinuationLauncherTests.test_launcher_reobserves_the_current_repository_before_execution) ... ok
test_launcher_uses_a_fixed_control_plane_request_and_argument_array (test_preauthorized_continuation.PreauthorizedContinuationLauncherTests.test_launcher_uses_a_fixed_control_plane_request_and_argument_array) ... ok
test_blocked_mission_renders_reason_and_quarantine (test_projection.ProjectionTests.test_blocked_mission_renders_reason_and_quarantine) ... ok
test_dead_letter_renders_recorded_mission_failure (test_projection.ProjectionTests.test_dead_letter_renders_recorded_mission_failure) ... ok
test_html_is_self_contained_and_matches_golden (test_projection.ProjectionTests.test_html_is_self_contained_and_matches_golden) ... ok
test_json_projection_and_status_cli_round_trip_all_fields (test_projection.ProjectionTests.test_json_projection_and_status_cli_round_trip_all_fields) ... ok
test_store_success_without_ledger_completion_is_unknown (test_projection.ProjectionTests.test_store_success_without_ledger_completion_is_unknown) ... ok
test_atomic_promotion_failure_preserves_valid_pointer (test_prompt_registry.PromptRegistryTests.test_atomic_promotion_failure_preserves_valid_pointer) ... ok
test_committed_generation_zero_prompts_match_p02_rendering (test_prompt_registry.PromptRegistryTests.test_committed_generation_zero_prompts_match_p02_rendering) ... ok
test_content_addressing_deduplicates_storage (test_prompt_registry.PromptRegistryTests.test_content_addressing_deduplicates_storage) ... ok
test_generation_zero_bootstrap_rejects_noncanonical_content_and_actor (test_prompt_registry.PromptRegistryTests.test_generation_zero_bootstrap_rejects_noncanonical_content_and_actor) ... ok
test_generation_zero_bootstrap_requires_registration_author (test_prompt_registry.PromptRegistryTests.test_generation_zero_bootstrap_requires_registration_author) ... ok
test_lineage_rollback_and_quarantine_are_retained (test_prompt_registry.PromptRegistryTests.test_lineage_rollback_and_quarantine_are_retained) ... ok
test_non_generation_zero_promotion_requires_a_decision_event (test_prompt_registry.PromptRegistryTests.test_non_generation_zero_promotion_requires_a_decision_event) ... ok
test_promotion_rejects_quarantined_candidate (test_prompt_registry.PromptRegistryTests.test_promotion_rejects_quarantined_candidate) ... ok
test_quarantine_rejects_incomplete_provenance_without_side_effect (test_prompt_registry.PromptRegistryTests.test_quarantine_rejects_incomplete_provenance_without_side_effect) ... ok
test_quarantined_active_champion_cannot_be_served (test_prompt_registry.PromptRegistryTests.test_quarantined_active_champion_cannot_be_served) ... ok
test_raw_pointer_write_without_promotion_is_rejected (test_prompt_registry.PromptRegistryTests.test_raw_pointer_write_without_promotion_is_rejected) ... ok
test_registered_artifact_cannot_be_overwritten_through_registry (test_prompt_registry.PromptRegistryTests.test_registered_artifact_cannot_be_overwritten_through_registry) ... ok
test_rollback_rejects_never_promoted_and_quarantined_targets (test_prompt_registry.PromptRegistryTests.test_rollback_rejects_never_promoted_and_quarantined_targets) ... ok
test_self_promotion_and_forged_decision_fail_closed (test_prompt_registry.PromptRegistryTests.test_self_promotion_and_forged_decision_fail_closed) ... ok
test_build_and_powershell_preparation_are_inert_until_explicit_use (test_public_dag_cli.PublicDagCliTests.test_build_and_powershell_preparation_are_inert_until_explicit_use) ... ok
test_missing_status_and_unconfigured_execute_are_inert_typed_results (test_public_dag_cli.PublicDagCliTests.test_missing_status_and_unconfigured_execute_are_inert_typed_results) ... ok
test_relative_paths_are_not_silently_promoted_to_explicit_paths (test_public_dag_cli.PublicDagCliTests.test_relative_paths_are_not_silently_promoted_to_explicit_paths) ... ok
test_validate_rounds_and_graph_work_from_another_current_directory (test_public_dag_cli.PublicDagCliTests.test_validate_rounds_and_graph_work_from_another_current_directory) ... ok
test_artifact_substitution_fails (test_receipts.FileReceiptValidatorTests.test_artifact_substitution_fails) ... ok
test_correctly_bound_success_receipt_passes (test_receipts.FileReceiptValidatorTests.test_correctly_bound_success_receipt_passes) ... ok
test_failed_result_is_valid_evidence_but_not_success (test_receipts.FileReceiptValidatorTests.test_failed_result_is_valid_evidence_but_not_success) ... ok
test_foreign_or_incomplete_binding_fails (test_receipts.FileReceiptValidatorTests.test_foreign_or_incomplete_binding_fails) ... ok
test_link_detector_accepts_a_real_directory_and_rejects_a_symlink (test_receipts.FileReceiptValidatorTests.test_link_detector_accepts_a_real_directory_and_rejects_a_symlink) ... skipped "symlink creation unavailable: [WinError 1314] A required privilege is not held by the client: 'C:\\\\Users\\\\beesp\\\\AppData\\\\Local\\\\Temp\\\\tmpkzcucf0t' -> 'C:\\\\Users\\\\beesp\\\\AppData\\\\Local\\\\Temp\\\\tmpkzcucf0t\\\\linked'"
test_long_windows_path_receipt_validates (test_receipts.FileReceiptValidatorTests.test_long_windows_path_receipt_validates) ... ok
test_malformed_json_and_unknown_schema_fail (test_receipts.FileReceiptValidatorTests.test_malformed_json_and_unknown_schema_fail) ... ok
test_missing_directory_and_escape_paths_fail_closed (test_receipts.FileReceiptValidatorTests.test_missing_directory_and_escape_paths_fail_closed) ... ok
test_mutated_receipt_fails_digest_validation (test_receipts.FileReceiptValidatorTests.test_mutated_receipt_fails_digest_validation) ... ok
test_receipt_reference_rejects_blank_path_and_malformed_digest (test_receipts.FileReceiptValidatorTests.test_receipt_reference_rejects_blank_path_and_malformed_digest) ... ok
test_symlink_escape_fails_closed_when_supported (test_receipts.FileReceiptValidatorTests.test_symlink_escape_fails_closed_when_supported) ... skipped "symlink creation unavailable: [WinError 1314] A required privilege is not held by the client: 'C:\\\\Users\\\\beesp\\\\AppData\\\\Local\\\\Temp\\\\tmpbq_mqtxe\\\\outside.json' -> 'C:\\\\Users\\\\beesp\\\\AppData\\\\Local\\\\Temp\\\\tmp87zkbafw\\\\link.json'"
test_actor_cannot_evaluate_its_own_candidate (test_recursive_improvement.RecursiveImprovementTests.test_actor_cannot_evaluate_its_own_candidate) ... ok
test_contract_mutation_and_missing_artifacts_quarantine (test_recursive_improvement.RecursiveImprovementTests.test_contract_mutation_and_missing_artifacts_quarantine) ... ok
test_controller_evaluates_without_mutating_authoritative_champion (test_recursive_improvement.RecursiveImprovementTests.test_controller_evaluates_without_mutating_authoritative_champion) ... ok
test_diminishing_returns_stop_after_patience (test_recursive_improvement.RecursiveImprovementTests.test_diminishing_returns_stop_after_patience) ... ok
test_hard_guardrail_regression_discards_candidate (test_recursive_improvement.RecursiveImprovementTests.test_hard_guardrail_regression_discards_candidate) ... ok
test_metric_gaming_or_holdout_access_quarantines_candidate (test_recursive_improvement.RecursiveImprovementTests.test_metric_gaming_or_holdout_access_quarantines_candidate) ... ok
test_significant_reproduced_improvement_is_kept (test_recursive_improvement.RecursiveImprovementTests.test_significant_reproduced_improvement_is_kept) ... ok
test_tiny_noisy_lift_is_retested_not_promoted (test_recursive_improvement.RecursiveImprovementTests.test_tiny_noisy_lift_is_retested_not_promoted) ... ok
test_cross_subject_prior_index_is_rejected (test_repository_index.RepositoryIndexTests.test_cross_subject_prior_index_is_rejected) ... ok
test_exact_snapshot_index_reuses_changes_and_deletes_by_digest (test_repository_index.RepositoryIndexTests.test_exact_snapshot_index_reuses_changes_and_deletes_by_digest) ... ok
test_identity_binds_analyzer_environment_snapshot_and_content (test_repository_index.RepositoryIndexTests.test_identity_binds_analyzer_environment_snapshot_and_content) ... ok
test_index_contains_no_source_body_and_rejects_secret_like_paths (test_repository_index.RepositoryIndexTests.test_index_contains_no_source_body_and_rejects_secret_like_paths) ... ok
test_same_bytes_under_changed_resource_identity_are_reanalyzed (test_repository_index.RepositoryIndexTests.test_same_bytes_under_changed_resource_identity_are_reanalyzed) ... ok
test_access_to_target_or_future_commit_is_detected (test_repository_learning.RepositoryLearningTests.test_access_to_target_or_future_commit_is_detected) ... ok
test_curriculum_starts_at_first_commit_and_hides_target_and_future (test_repository_learning.RepositoryLearningTests.test_curriculum_starts_at_first_commit_and_hides_target_and_future) ... ok
test_non_topological_history_is_rejected (test_repository_learning.RepositoryLearningTests.test_non_topological_history_is_rejected) ... ok
test_pattern_lesson_requires_provenance_and_evidence (test_repository_learning.RepositoryLearningTests.test_pattern_lesson_requires_provenance_and_evidence) ... ok
test_scout_ranks_strong_sources_and_filters_unsafe_sources (test_repository_learning.RepositoryLearningTests.test_scout_ranks_strong_sources_and_filters_unsafe_sources) ... ok
test_observation_retains_digest_metadata_but_not_source_body (test_resource_adapter.ResourceAdapterTests.test_observation_retains_digest_metadata_but_not_source_body) ... ok
test_repository_path_is_one_of_many_typed_resources (test_resource_adapter.ResourceAdapterTests.test_repository_path_is_one_of_many_typed_resources) ... ok
test_secret_and_oversized_content_fail_closed (test_resource_adapter.ResourceAdapterTests.test_secret_and_oversized_content_fail_closed) ... ok
test_unsafe_links_and_unversioned_mutable_resources_are_rejected (test_resource_adapter.ResourceAdapterTests.test_unsafe_links_and_unversioned_mutable_resources_are_rejected) ... ok
test_public_mission_entrypoint_remains_small (test_roles.RoleLifecycleTests.test_public_mission_entrypoint_remains_small) ... ok
test_repository_lifecycle_lists_only_implemented_roles (test_roles.RoleLifecycleTests.test_repository_lifecycle_lists_only_implemented_roles) ... ok
test_role_capabilities_resolve_to_policy_actions (test_roles.RoleLifecycleTests.test_role_capabilities_resolve_to_policy_actions) ... ok
test_changed_durability_or_duplicate_writer_fails_closed (test_runtime_contracts.RuntimeContractTests.test_changed_durability_or_duplicate_writer_fails_closed) ... ok
test_decision_memory_retains_complete_tree_and_selects_unique_safe_winner (test_runtime_contracts.RuntimeContractTests.test_decision_memory_retains_complete_tree_and_selects_unique_safe_winner) ... ok
test_decision_selection_returns_typed_blockers (test_runtime_contracts.RuntimeContractTests.test_decision_selection_returns_typed_blockers) ... ok
test_exact_v3_durability_and_single_writer_contracts (test_runtime_contracts.RuntimeContractTests.test_exact_v3_durability_and_single_writer_contracts) ... ok
test_host_boundary_is_structural_and_requires_a_bound_lease (test_runtime_contracts.RuntimeContractTests.test_host_boundary_is_structural_and_requires_a_bound_lease) ... ok
test_runtime_traceability_schemas_and_vision_nonclaim_are_retained (test_runtime_contracts.RuntimeContractTests.test_runtime_traceability_schemas_and_vision_nonclaim_are_retained) ... ok
test_wave_manifest_seals_subject_and_enforces_state_machine (test_runtime_contracts.RuntimeContractTests.test_wave_manifest_seals_subject_and_enforces_state_machine) ... ok
test_every_public_export_has_a_runtime_or_reference_path (test_runtime_surface.RuntimeSurfaceTests.test_every_public_export_has_a_runtime_or_reference_path) ... ok
test_frozen_subsystems_are_reference_only (test_runtime_surface.RuntimeSurfaceTests.test_frozen_subsystems_are_reference_only) ... ok
test_absolute_path_outside_root_is_still_rejected (test_sandbox.SandboxTests.test_absolute_path_outside_root_is_still_rejected) ... ok
test_all_pre_spawn_denials_append_ledger_evidence (test_sandbox.SandboxTests.test_all_pre_spawn_denials_append_ledger_evidence) ... ok
test_concurrent_calls_cannot_overbook_one_call_allowance (test_sandbox.SandboxTests.test_concurrent_calls_cannot_overbook_one_call_allowance) ... ok
test_default_rejects_inline_python_execution (test_sandbox.SandboxTests.test_default_rejects_inline_python_execution) ... ok
test_embedded_https_substring_does_not_exempt_a_path_argument (test_sandbox.SandboxTests.test_embedded_https_substring_does_not_exempt_a_path_argument) ... ok
test_environment_is_scrubbed_unless_allowlisted (test_sandbox.SandboxTests.test_environment_is_scrubbed_unless_allowlisted) ... ok
test_exhausted_allowance_occurs_before_spawn (test_sandbox.SandboxTests.test_exhausted_allowance_occurs_before_spawn) ... ok
test_fixed_environment_is_digest_bound_without_inheriting_host_values (test_sandbox.SandboxTests.test_fixed_environment_is_digest_bound_without_inheriting_host_values) ... ok
test_golden_intent_and_receipt_conform_to_extended_contracts (test_sandbox.SandboxTests.test_golden_intent_and_receipt_conform_to_extended_contracts) ... ok
test_happy_path_receipt_round_trips_through_validator (test_sandbox.SandboxTests.test_happy_path_receipt_round_trips_through_validator) ... ok
test_https_remote_url_is_not_auto_detected_as_a_workspace_path (test_sandbox.SandboxTests.test_https_remote_url_is_not_auto_detected_as_a_workspace_path) ... ok
test_https_url_at_a_declared_path_index_is_still_validated (test_sandbox.SandboxTests.test_https_url_at_a_declared_path_index_is_still_validated) ... ok
test_https_url_carrying_credentials_is_never_exempted (test_sandbox.SandboxTests.test_https_url_carrying_credentials_is_never_exempted) ... ok
test_intent_digest_binds_every_declared_field (test_sandbox.SandboxTests.test_intent_digest_binds_every_declared_field) ... ok
test_interrupted_publish_leaves_no_receipt_claim (test_sandbox.SandboxTests.test_interrupted_publish_leaves_no_receipt_claim) ... ok
test_nested_parent_traversal_argument_is_still_rejected (test_sandbox.SandboxTests.test_nested_parent_traversal_argument_is_still_rejected) ... ok
test_non_allowlisted_executable_is_denied_before_spawn (test_sandbox.SandboxTests.test_non_allowlisted_executable_is_denied_before_spawn) ... ok
test_non_https_remote_forms_keep_their_confinement_treatment (test_sandbox.SandboxTests.test_non_https_remote_forms_keep_their_confinement_treatment) ... ok
test_non_object_intent_is_a_receipted_schema_denial (test_sandbox.SandboxTests.test_non_object_intent_is_a_receipted_schema_denial) ... ok
test_output_cap_is_explicit_and_digest_bound (test_sandbox.SandboxTests.test_output_cap_is_explicit_and_digest_bound) ... ok
test_parent_path_escape_is_rejected (test_sandbox.SandboxTests.test_parent_path_escape_is_rejected) ... ok
test_policy_denial_occurs_before_spawn (test_sandbox.SandboxTests.test_policy_denial_occurs_before_spawn) ... ok
test_relative_path_argument_is_still_resolved_inside_the_root (test_sandbox.SandboxTests.test_relative_path_argument_is_still_resolved_inside_the_root) ... ok
test_repeat_execution_differs_only_in_volatile_receipt_fields (test_sandbox.SandboxTests.test_repeat_execution_differs_only_in_volatile_receipt_fields) ... ok
test_short_lived_windows_commands_do_not_false_timeout (test_sandbox.SandboxTests.test_short_lived_windows_commands_do_not_false_timeout) ... C:\Python314\Lib\ctypes\_layout.py:282: ResourceWarning: unclosed database in <sqlite3.Connection object at 0x000001FAE54376A0>
  result_fields.append(CField(
ResourceWarning: Enable tracemalloc to get the object allocation traceback
C:\Python314\Lib\ctypes\_layout.py:282: ResourceWarning: unclosed database in <sqlite3.Connection object at 0x000001FAE5436E30>
  result_fields.append(CField(
ResourceWarning: Enable tracemalloc to get the object allocation traceback
C:\Python314\Lib\ctypes\_layout.py:282: ResourceWarning: unclosed database in <sqlite3.Connection object at 0x000001FAE5437A60>
  result_fields.append(CField(
ResourceWarning: Enable tracemalloc to get the object allocation traceback
C:\Python314\Lib\ctypes\_layout.py:282: ResourceWarning: unclosed database in <sqlite3.Connection object at 0x000001FAE538F970>
  result_fields.append(CField(
ResourceWarning: Enable tracemalloc to get the object allocation traceback
ok
test_subprocess_creation_error_is_a_receipted_denial (test_sandbox.SandboxTests.test_subprocess_creation_error_is_a_receipted_denial) ... ok
test_symlink_escape_is_rejected (test_sandbox.SandboxTests.test_symlink_escape_is_rejected) ... skipped 'POSIX-only symlink confinement case'
test_timeout_covers_early_parent_exit_and_background_child (test_sandbox.SandboxTests.test_timeout_covers_early_parent_exit_and_background_child) ... ok
test_timeout_kills_process_tree_and_leaves_failed_receipt (test_sandbox.SandboxTests.test_timeout_kills_process_tree_and_leaves_failed_receipt) ... ok
test_trusted_receipt_store_cannot_be_inside_workspace (test_sandbox.SandboxTests.test_trusted_receipt_store_cannot_be_inside_workspace) ... ok
test_undeclared_path_like_argument_is_confined (test_sandbox.SandboxTests.test_undeclared_path_like_argument_is_confined) ... ok
test_versioned_python_names_reject_inline_execution (test_sandbox.SandboxTests.test_versioned_python_names_reject_inline_execution) ... ok
test_windows_descendants_exclude_stale_parent_pid_records (test_sandbox.SandboxTests.test_windows_descendants_exclude_stale_parent_pid_records) ... ok
test_windows_job_assignment_failure_denies_before_suspended_root_runs (test_sandbox.SandboxTests.test_windows_job_assignment_failure_denies_before_suspended_root_runs) ... ok
test_windows_job_unavailable_denies_before_root_spawns (test_sandbox.SandboxTests.test_windows_job_unavailable_denies_before_root_spawns) ... ok
test_windows_junction_escape_is_rejected (test_sandbox.SandboxTests.test_windows_junction_escape_is_rejected) ... ok
test_windows_timeout_kill_never_uses_unfiltered_taskkill_tree (test_sandbox.SandboxTests.test_windows_timeout_kill_never_uses_unfiltered_taskkill_tree) ... C:\Python314\Lib\unittest\mock.py:498: ResourceWarning: unclosed database in <sqlite3.Connection object at 0x000001FAE59016C0>
  __dict__['method_calls'] = _CallList()
ResourceWarning: Enable tracemalloc to get the object allocation traceback
ok
test_windows_timeout_rescans_after_root_termination (test_sandbox.SandboxTests.test_windows_timeout_rescans_after_root_termination) ... ok
test_windows_timeout_termination_keeps_unknown_metadata_conservative (test_sandbox.SandboxTests.test_windows_timeout_termination_keeps_unknown_metadata_conservative) ... ok
test_windows_timeout_termination_rechecks_opened_process_identity (test_sandbox.SandboxTests.test_windows_timeout_termination_rechecks_opened_process_identity) ... ok
test_contended_claim_has_exactly_one_winner (test_scheduler.SchedulerTests.test_contended_claim_has_exactly_one_winner) ... ok
test_enqueue_is_idempotent_by_payload_digest (test_scheduler.SchedulerTests.test_enqueue_is_idempotent_by_payload_digest) ... ok
test_expired_final_attempt_is_dead_lettered (test_scheduler.SchedulerTests.test_expired_final_attempt_is_dead_lettered) ... ok
test_expired_lease_reclaims_and_rejects_late_completion (test_scheduler.SchedulerTests.test_expired_lease_reclaims_and_rejects_late_completion) ... ok
test_expired_lease_rejects_completion_before_reclaim (test_scheduler.SchedulerTests.test_expired_lease_rejects_completion_before_reclaim) ... ok
test_expired_lease_rejects_failure_before_reclaim (test_scheduler.SchedulerTests.test_expired_lease_rejects_failure_before_reclaim) ... ok
test_heartbeat_extends_lease (test_scheduler.SchedulerTests.test_heartbeat_extends_lease) ... ok
test_retry_backoff_and_dead_letter_ladder (test_scheduler.SchedulerTests.test_retry_backoff_and_dead_letter_ladder) ... ok
test_acceptance_authority_subject_route_and_budget_must_be_identical (test_sidecar_calibration.SidecarCalibrationTests.test_acceptance_authority_subject_route_and_budget_must_be_identical) ... ok
test_estimated_or_unavailable_values_cannot_enable (test_sidecar_calibration.SidecarCalibrationTests.test_estimated_or_unavailable_values_cannot_enable) ... ok
test_one_negative_measured_trial_stops_class (test_sidecar_calibration.SidecarCalibrationTests.test_one_negative_measured_trial_stops_class) ... ok
test_positive_controlled_measured_trials_enable_workload_class (test_sidecar_calibration.SidecarCalibrationTests.test_positive_controlled_measured_trials_enable_workload_class) ... ok
test_unavailable_is_not_zero_and_measurement_evidence_is_required (test_sidecar_calibration.SidecarCalibrationTests.test_unavailable_is_not_zero_and_measurement_evidence_is_required) ... ok
test_all_adopted_or_adapted_claims_map_to_architecture_and_tests (test_source_docket.SourceDocketTests.test_all_adopted_or_adapted_claims_map_to_architecture_and_tests) ... ok
test_capability_maturity_never_exceeds_structural_prototype (test_source_docket.SourceDocketTests.test_capability_maturity_never_exceeds_structural_prototype) ... ok
test_classic_gpt_claims_have_code_and_test_receipts (test_source_docket.SourceDocketTests.test_classic_gpt_claims_have_code_and_test_receipts) ... ok
test_every_incomplete_source_machine_blocks_dependent_claims (test_source_docket.SourceDocketTests.test_every_incomplete_source_machine_blocks_dependent_claims) ... ok
test_every_source_has_claims_and_every_claim_has_a_verdict (test_source_docket.SourceDocketTests.test_every_source_has_claims_and_every_claim_has_a_verdict) ... ok
test_generic_prompt_sources_are_registered_and_fail_closed (test_source_docket.SourceDocketTests.test_generic_prompt_sources_are_registered_and_fail_closed) ... ok
test_license_and_composite_repository_gaps_machine_block_claims (test_source_docket.SourceDocketTests.test_license_and_composite_repository_gaps_machine_block_claims) ... ok
test_new_video_and_classic_gpt_claims_are_atomic_and_source_bound (test_source_docket.SourceDocketTests.test_new_video_and_classic_gpt_claims_are_atomic_and_source_bound) ... ok
test_recursive_improvement_claims_have_code_and_test_receipts (test_source_docket.SourceDocketTests.test_recursive_improvement_claims_have_code_and_test_receipts) ... ok
test_sibling_pack_is_separate_and_overlap_is_deferred (test_source_docket.SourceDocketTests.test_sibling_pack_is_separate_and_overlap_is_deferred) ... ok
test_superiority_case_has_multiple_comparators_and_benchmark_manifest (test_source_docket.SourceDocketTests.test_superiority_case_has_multiple_comparators_and_benchmark_manifest) ... ok
test_unknown_video_content_is_not_invented (test_source_docket.SourceDocketTests.test_unknown_video_content_is_not_invented) ... ok
test_unverified_videos_remain_explicit_blocking_evidence_obligations (test_source_docket.SourceDocketTests.test_unverified_videos_remain_explicit_blocking_evidence_obligations) ... ok
test_capability_order_is_canonical (test_subject_adapter.SubjectAdapterTests.test_capability_order_is_canonical) ... ok
test_every_supported_subject_kind_uses_the_same_contract (test_subject_adapter.SubjectAdapterTests.test_every_supported_subject_kind_uses_the_same_contract) ... ok
test_mutable_or_unprovenanced_snapshots_fail_closed (test_subject_adapter.SubjectAdapterTests.test_mutable_or_unprovenanced_snapshots_fail_closed) ... ok
test_snapshot_binds_exact_subject_content_and_evidence (test_subject_adapter.SubjectAdapterTests.test_snapshot_binds_exact_subject_content_and_evidence) ... ok
test_build_writes_only_explicit_canonical_output (test_subject_execution.SubjectExecutionTests.test_build_writes_only_explicit_canonical_output) ... ok
test_non_repository_modes_are_first_class_and_mismatch_fails (test_subject_execution.SubjectExecutionTests.test_non_repository_modes_are_first_class_and_mismatch_fails) ... ok
test_read_only_inspection_works_with_absolute_inputs_and_no_state (test_subject_execution.SubjectExecutionTests.test_read_only_inspection_works_with_absolute_inputs_and_no_state) ... ok
test_unconfigured_execution_fails_without_treating_a_file_as_authority (test_subject_execution.SubjectExecutionTests.test_unconfigured_execution_fails_without_treating_a_file_as_authority) ... ok
test_active_checkpoint_failed_and_empty_have_distinct_dispositions (test_task_reuse.TaskReuseTests.test_active_checkpoint_failed_and_empty_have_distinct_dispositions) ... ok
test_append_only_index_survives_restart_and_rejects_key_rebinding (test_task_reuse.TaskReuseTests.test_append_only_index_survives_restart_and_rejects_key_rebinding) ... ok
test_competing_attempts_and_candidates_conflict (test_task_reuse.TaskReuseTests.test_competing_attempts_and_candidates_conflict) ... ok
test_every_fingerprint_input_invalidates_reuse (test_task_reuse.TaskReuseTests.test_every_fingerprint_input_invalidates_reuse) ... ok
test_only_validated_integrated_exact_receipt_completes_task (test_task_reuse.TaskReuseTests.test_only_validated_integrated_exact_receipt_completes_task) ... ok
test_receipt_chain_must_extend_exact_prior_digest (test_task_reuse.TaskReuseTests.test_receipt_chain_must_extend_exact_prior_digest) ... ok
test_cleanup_uses_the_python_311_callback_name (test_verify.StandaloneVerificationTests.test_cleanup_uses_the_python_311_callback_name) ... ok
test_cli_requires_the_candidate_and_returns_success_for_an_adopted_verdict (test_verify.StandaloneVerificationTests.test_cli_requires_the_candidate_and_returns_success_for_an_adopted_verdict) ... ok
test_concurrent_source_mutation_after_sealing_cannot_change_the_verdict (test_verify.StandaloneVerificationTests.test_concurrent_source_mutation_after_sealing_cannot_change_the_verdict) ... ok
test_declared_scope_must_include_modified_fixture_paths (test_verify.StandaloneVerificationTests.test_declared_scope_must_include_modified_fixture_paths) ... ok
test_environment_is_scrubbed_and_output_truncation_is_receipted (test_verify.StandaloneVerificationTests.test_environment_is_scrubbed_and_output_truncation_is_receipted) ... ok
test_executes_only_the_immutable_candidate_not_dirty_or_untracked_source_bytes (test_verify.StandaloneVerificationTests.test_executes_only_the_immutable_candidate_not_dirty_or_untracked_source_bytes) ... ok
test_flipping_a_retained_verdict_from_reject_to_adopt_is_refused (test_verify.StandaloneVerificationTests.test_flipping_a_retained_verdict_from_reject_to_adopt_is_refused) ... ok
test_forged_adoption_of_a_timed_out_check_is_refused (test_verify.StandaloneVerificationTests.test_forged_adoption_of_a_timed_out_check_is_refused) ... ok
test_integrity_manifest_that_drops_the_verdict_binding_is_refused (test_verify.StandaloneVerificationTests.test_integrity_manifest_that_drops_the_verdict_binding_is_refused) ... C:\Python314\Lib\ctypes\_layout.py:282: ResourceWarning: unclosed database in <sqlite3.Connection object at 0x000001FAE52ED120>
  result_fields.append(CField(
ResourceWarning: Enable tracemalloc to get the object allocation traceback
ok
test_interrupted_self_verification_never_publishes_a_partial_bundle (test_verify.StandaloneVerificationTests.test_interrupted_self_verification_never_publishes_a_partial_bundle) ... ok
test_non_python_test_changes_are_not_silently_counted_as_passing_analysis (test_verify.StandaloneVerificationTests.test_non_python_test_changes_are_not_silently_counted_as_passing_analysis) ... ok
test_recorded_check_outcome_that_contradicts_its_receipt_is_refused (test_verify.StandaloneVerificationTests.test_recorded_check_outcome_that_contradicts_its_receipt_is_refused) ... ok
test_rejects_a_candidate_that_deletes_an_existing_test (test_verify.StandaloneVerificationTests.test_rejects_a_candidate_that_deletes_an_existing_test) ... ok
test_rejects_a_repository_path_through_a_windows_junction (test_verify.StandaloneVerificationTests.test_rejects_a_repository_path_through_a_windows_junction) ... ok
test_rejects_an_output_parent_through_a_windows_junction (test_verify.StandaloneVerificationTests.test_rejects_an_output_parent_through_a_windows_junction) ... ok
test_rejects_configured_source_hook_without_executing_it (test_verify.StandaloneVerificationTests.test_rejects_configured_source_hook_without_executing_it) ... ok
test_rejects_external_git_filter_configuration_before_materialization (test_verify.StandaloneVerificationTests.test_rejects_external_git_filter_configuration_before_materialization) ... ok
test_rejects_lfs_pointer_content_and_publishes_nothing (test_verify.StandaloneVerificationTests.test_rejects_lfs_pointer_content_and_publishes_nothing) ... ok
test_rejects_symlink_candidate_layout_when_supported (test_verify.StandaloneVerificationTests.test_rejects_symlink_candidate_layout_when_supported) ... skipped "symlink creation unavailable: [WinError 1314] A required privilege is not held by the client: 'app.py' -> 'C:\\\\Users\\\\beesp\\\\AppData\\\\Local\\\\Temp\\\\tmp8cd7j9hm\\\\agent-change\\\\link.py'"
test_requires_a_full_immutable_candidate_commit_before_publishing (test_verify.StandaloneVerificationTests.test_requires_a_full_immutable_candidate_commit_before_publishing) ... ok
test_seals_before_candidate_access_and_emits_a_self_verifying_bundle (test_verify.StandaloneVerificationTests.test_seals_before_candidate_access_and_emits_a_self_verifying_bundle) ... ok
test_timeout_is_receipted_and_cannot_adopt (test_verify.StandaloneVerificationTests.test_timeout_is_receipted_and_cannot_adopt) ... ok
test_runner_creates_an_adopted_sealed_verification (test_verify_example.VerificationExampleTests.test_runner_creates_an_adopted_sealed_verification) ... ok
test_classic_gpt_simulation_shortcuts_are_forbidden (test_vision.HardenedVisionTests.test_classic_gpt_simulation_shortcuts_are_forbidden) ... ok
test_complete_autonomous_lifecycle_is_compliant (test_vision.HardenedVisionTests.test_complete_autonomous_lifecycle_is_compliant) ... ok
test_contract_mutation_is_detected (test_vision.HardenedVisionTests.test_contract_mutation_is_detected) ... ok
test_future_knowledge_and_self_approval_are_rejected (test_vision.HardenedVisionTests.test_future_knowledge_and_self_approval_are_rejected) ... ok
test_missing_court_and_source_docket_fail_closed (test_vision.HardenedVisionTests.test_missing_court_and_source_docket_fail_closed) ... ok
test_missing_role_and_capability_fail_closed (test_vision.HardenedVisionTests.test_missing_role_and_capability_fail_closed) ... ok
test_only_policy_required_human_intervention_is_acceptable (test_vision.HardenedVisionTests.test_only_policy_required_human_intervention_is_acceptable) ... ok
test_recursive_improvement_shortcuts_are_forbidden (test_vision.HardenedVisionTests.test_recursive_improvement_shortcuts_are_forbidden) ... ok
test_superiority_claim_requires_comparative_benchmark (test_vision.HardenedVisionTests.test_superiority_claim_requires_comparative_benchmark) ... ok
test_vision_sources_exactly_match_the_authoritative_docket (test_vision.HardenedVisionTests.test_vision_sources_exactly_match_the_authoritative_docket) ... ok
test_default_projection_remains_schema_v1_and_exactly_shaped (test_war_room_projection.WarRoomProjectionTests.test_default_projection_remains_schema_v1_and_exactly_shaped) ... ok
test_empty_evidence_and_out_of_order_ooda_claims_fail_closed (test_war_room_projection.WarRoomProjectionTests.test_empty_evidence_and_out_of_order_ooda_claims_fail_closed) ... ok
test_invalid_or_replayed_war_room_events_fail_closed (test_war_room_projection.WarRoomProjectionTests.test_invalid_or_replayed_war_room_events_fail_closed) ... ok
test_missing_ooda_evidence_is_not_inferred (test_war_room_projection.WarRoomProjectionTests.test_missing_ooda_evidence_is_not_inferred) ... ok
test_null_scalar_and_list_payloads_cannot_crash_or_forge_facts (test_war_room_projection.WarRoomProjectionTests.test_null_scalar_and_list_payloads_cannot_crash_or_forge_facts) ... ok
test_room_status_is_unknown_or_closed_only_from_durable_state (test_war_room_projection.WarRoomProjectionTests.test_room_status_is_unknown_or_closed_only_from_durable_state) ... ok
test_schema_v2_is_explicit_read_only_and_evidence_derived (test_war_room_projection.WarRoomProjectionTests.test_schema_v2_is_explicit_read_only_and_evidence_derived) ... ok
test_unknown_projection_schema_fails_closed (test_war_room_projection.WarRoomProjectionTests.test_unknown_projection_schema_fails_closed) ... ok
test_unrelated_payload_cannot_forge_war_room_facts (test_war_room_projection.WarRoomProjectionTests.test_unrelated_payload_cannot_forge_war_room_facts) ... ok
test_compare_and_swap_and_idempotency_prevent_competing_parents (test_wave_runtime.CandidateStateJournalTests.test_compare_and_swap_and_idempotency_prevent_competing_parents) ... ok
test_database_triggers_preserve_append_only_history (test_wave_runtime.CandidateStateJournalTests.test_database_triggers_preserve_append_only_history) ... ok
test_preseal_drift_can_record_replan_without_inventing_a_candidate (test_wave_runtime.CandidateStateJournalTests.test_preseal_drift_can_record_replan_without_inventing_a_candidate) ... ok
test_sealed_candidate_survives_restart_and_reaches_integration_ready (test_wave_runtime.CandidateStateJournalTests.test_sealed_candidate_survives_restart_and_reaches_integration_ready) ... ok
test_sealing_requires_and_permanently_binds_exact_identity (test_wave_runtime.CandidateStateJournalTests.test_sealing_requires_and_permanently_binds_exact_identity) ... ok
test_terminal_state_cannot_be_reopened (test_wave_runtime.CandidateStateJournalTests.test_terminal_state_cannot_be_reopened) ... ok
test_graceful_shutdown_finishes_inflight_job (test_workers.WorkerTests.test_graceful_shutdown_finishes_inflight_job) ... ok
test_seeded_process_kill_sweep_reclaims_without_duplicate_effects (test_workers.WorkerTests.test_seeded_process_kill_sweep_reclaims_without_duplicate_effects) ... ok
test_worker_dead_letters_an_unpinned_repository_mission (test_workers.WorkerTests.test_worker_dead_letters_an_unpinned_repository_mission) ... ok
test_worker_executes_real_durable_mission_with_unique_effect_adoption (test_workers.WorkerTests.test_worker_executes_real_durable_mission_with_unique_effect_adoption) ... <frozen importlib._bootstrap_external>:956: ResourceWarning: unclosed database in <sqlite3.Connection object at 0x000001FAE538F970>
ResourceWarning: Enable tracemalloc to get the object allocation traceback
<frozen importlib._bootstrap_external>:956: ResourceWarning: unclosed database in <sqlite3.Connection object at 0x000001FAE5901D50>
ResourceWarning: Enable tracemalloc to get the object allocation traceback
<frozen importlib._bootstrap_external>:956: ResourceWarning: unclosed database in <sqlite3.Connection object at 0x000001FAE5902020>
ResourceWarning: Enable tracemalloc to get the object allocation traceback
<frozen importlib._bootstrap_external>:956: ResourceWarning: unclosed database in <sqlite3.Connection object at 0x000001FAE59016C0>
ResourceWarning: Enable tracemalloc to get the object allocation traceback
<frozen importlib._bootstrap_external>:956: ResourceWarning: unclosed database in <sqlite3.Connection object at 0x000001FAE59027A0>
ResourceWarning: Enable tracemalloc to get the object allocation traceback
ok

======================================================================
ERROR: test_authenticated_gitattributes_rules_bind_and_cover_every_raw_path (test_generic_dag_v3_overlay.GenericDagV3OverlayTests.test_authenticated_gitattributes_rules_bind_and_cover_every_raw_path)
----------------------------------------------------------------------
Traceback (most recent call last):
  File "C:\Users\beesp\.codex\worktrees\b7eb\hive-mind-os\tests\test_generic_dag_v3_overlay.py", line 1452, in test_authenticated_gitattributes_rules_bind_and_cover_every_raw_path
    coverage = self.verifier.verify_authenticated_checkout_reproducibility(
        raw,
        manifest=manifest,
        contracts=contracts,
    )
  File "C:\Users\beesp\AppData\Local\Temp\tmphfscc9r5\authoring\docs\execution\dags\generic-hive-mind-product-v3\verify_plan.py", line 3203, in verify_authenticated_checkout_reproducibility
    require(
    ~~~~~~~^
        rules == EXPECTED_GITATTRIBUTE_RULES,
        ^^^^^^^^^^^^^^^^^^^^^^^^^^^^^^^^^^^^^
        "authenticated .gitattributes active rule set/order differs from the canonical checkout policy",
        ^^^^^^^^^^^^^^^^^^^^^^^^^^^^^^^^^^^^^^^^^^^^^^^^^^^^^^^^^^^^^^^^^^^^^^^^^^^^^^^^^^^^^^^^^^^^^^^^
    )
    ^
  File "C:\Users\beesp\AppData\Local\Temp\tmphfscc9r5\authoring\docs\execution\dags\generic-hive-mind-product-v3\verify_plan.py", line 397, in require
    raise VerificationError(message)
_generic_dag_v5_verifier_under_test.VerificationError: authenticated .gitattributes active rule set/order differs from the canonical checkout policy

----------------------------------------------------------------------
Ran 1347 tests in 1709.484s

FAILED (errors=1, skipped=8)
{
  "mission_id": "MISSION-plan",
  "plan_digest": "sha256:203dcdcfa015ba15a9762e2655aa5c0c672673a71413ba374ac52e89e65fd07c",
  "sequences": [
    2,
    3
  ]
}
{
  "graph_digest": "sha256:7290603d81379220b97dc67184d7e47f3eb0cdfe24be0ec642f9d72e3e47d06d",
  "mission_id": "MISSION-plan",
  "ready_work_ids": [
    "WORK-docs-implementation-1269e206227b"
  ],
  "work_items": [
    {
      "acceptance_specs": [
        "ACCEPT-1"
      ],
      "authority_envelope_digest": "sha256:0000000000000000000000000000000000000000000000000000000000000000",
      "context_request": {
        "fixture_kind": "docs"
      },
      "dependencies": [],
      "depth": 1,
      "expected_outputs": [
        "fixture:docs"
      ],
      "idempotency_key": "sha256:4e11e02b9a0a0068457ee601588b276148fec0771790f4e160f36391ed76b72b",
      "max_attempts": 1,
      "mission_id": "MISSION-plan",
      "objective": "deliver a bounded change",
      "parent_work_id": "WORK-docs-aggregate-1269e206227b",
      "requested_actions": [],
      "required_inputs": [],
      "risk_tier": "R1",
      "role": "builder",
      "status": "PROPOSED",
      "title": "docs implementation",
      "work_id": "WORK-docs-implementation-1269e206227b",
      "write_scope": [
        "fixtures/docs.txt"
      ]
    },
    {
      "acceptance_specs": [],
      "authority_envelope_digest": "sha256:0000000000000000000000000000000000000000000000000000000000000000",
      "context_request": {
        "fixture_kind": "docs"
      },
      "dependencies": [
        "WORK-docs-implementation-1269e206227b"
      ],
      "depth": 0,
      "expected_outputs": [],
      "idempotency_key": "sha256:7029659549e78c1eabb1027b2838b66b81a12975e6116616513f90f766cf6594",
      "max_attempts": 1,
      "mission_id": "MISSION-plan",
      "objective": "deliver a bounded change",
      "parent_work_id": null,
      "requested_actions": [],
      "required_inputs": [
        "fixture:docs"
      ],
      "risk_tier": "R0",
      "role": "orchestrator",
      "status": "PROPOSED",
      "title": "docs aggregate",
      "work_id": "WORK-docs-aggregate-1269e206227b",
      "write_scope": []
    }
  ]
}
